Date,Open,Close,Low,High,Volumn
2012-03-27,26,26.3,25,29.3,801
2012-03-28,27,26.2,26,27.2,75
2012-03-29,26.1,26.5,26.1,26.9,46
2012-03-30,26,26.7,26,27.1,53
2012-04-02,26.6,25.9,25.5,26.6,18
2012-04-03,26.5,25.7,25.5,26.5,4
2012-04-04,26.2,25,24.2,26.3,24
2012-04-05,25.5,25.1,24.2,26,22
2012-04-09,24.5,24.8,23.2,25.5,14
2012-04-10,25.4,24.5,23.5,25.4,3
2012-04-11,24,24.1,24,24.5,4
2012-04-16,25,25,25,25.4,18
2012-04-17,24.5,24,24,25.1,12
2012-04-18,24,24,24,25,8
2012-04-19,24,24.4,23.9,24.5,13
2012-04-20,23.9,23.9,23.9,23.9,4
2012-04-23,23.6,23.1,23,23.6,6
2012-04-24,23.9,22.5,22.5,23.9,9
2012-04-25,22.5,22,22,22.5,14
2012-04-26,23.5,22.9,22,23.5,6
2012-04-27,21.1,21.5,21.1,22.8,13
2012-04-30,23,21.5,21.5,23,14
2012-05-02,22.5,22.5,22.5,22.5,1
2012-05-03,21.5,21.5,21.5,22.1,5
2012-05-04,21.5,20.7,20.5,21.5,17
2012-05-08,20.5,20.5,20.5,21,11
2012-05-09,20.5,20,20,20.5,13
2012-05-10,20,20,19.1,20,11
2012-05-11,19.5,19.2,19.2,19.5,3
2012-05-14,19.5,20.1,19.5,20.1,3
2012-05-15,20.1,20,20,20.1,4
2012-05-16,20,21,20,21,11
2012-05-17,21.5,20,20,21.5,7
2012-05-18,20,20.1,20,20.1,9
2012-05-21,20.1,20,20,20.1,11
2012-05-22,20,19.5,19.5,20,5
2012-05-23,19.5,19,19,19.6,14
2012-05-24,19.2,19,19,19.5,7
2012-05-25,19,19,19,19,2
2012-05-28,18,18,18,19,6
2012-05-29,17.8,17.5,17,17.8,7
2012-05-30,17.5,19,17.5,19,2
2012-05-31,17.5,17.3,17.1,17.5,5
2012-06-01,17,15.9,15.8,17,13
2012-06-05,15.7,14.3,13.5,15.7,15
2012-06-06,14.9,14.5,14.5,14.9,2
2012-06-07,14.3,14.4,14,14.8,4
2012-06-08,15,14.9,14.9,15,10
2012-06-11,15,14.8,14.7,15,31
2012-06-12,15,14.8,14.8,15,25
2012-06-13,15,15.3,14.9,17.6,19
2012-06-14,15.9,16.6,15.9,16.7,25
2012-06-15,15.6,16.6,15.6,17.5,60
2012-06-18,16.5,16.5,16,16.5,16
2012-06-19,16.1,17.4,16,17.5,48
2012-06-20,17.3,17.1,16.3,17.5,27
2012-06-21,17.5,16.7,16.7,17.5,35
2012-06-22,16.9,17,16.9,17.4,26
2012-06-25,17,17.1,17,17.3,76
2012-06-26,17.4,17.6,17,17.8,98
2012-06-27,18,18.5,17.9,19.8,472
2012-06-28,18.3,18.6,18.3,19.4,205
2012-06-29,18.6,18.4,18.2,19,64
2012-07-02,18.2,17.7,17.5,18.4,64
2012-07-04,17.9,17.5,17.4,17.9,66
2012-07-05,17.5,17,17,17.5,44
2012-07-06,17.5,17,16.8,17.5,40
2012-07-09,17,16.9,16.9,17,24
2012-07-10,16.9,17,16.8,17,14
2012-07-11,17,17,16.9,17,7
2012-07-12,16.8,17,16.8,17.9,31
2012-07-13,17.3,17.1,17,17.9,57
2012-07-16,17.1,16.7,16.7,17.1,26
2012-07-17,16.8,16.7,16.6,16.8,15
2012-07-18,16.5,16.5,16.4,16.5,15
2012-07-19,16.7,17.5,16.5,17.5,44
2012-07-20,17,17,16.9,17,31
2012-07-23,16.9,16.9,16.9,17,21
2012-07-24,17,16.9,16.6,17,30
2012-07-25,16.7,17,16.7,17.4,24
2012-07-26,17,17,16.8,17,27
2012-07-27,17,17,16.9,17,28
2012-07-30,16.7,16.9,16.6,17,16
2012-07-31,16.9,16.9,16.6,17.4,76
2012-08-02,17,16.7,16.5,17.2,25
2012-08-03,16.8,16.9,16.7,16.9,6
2012-08-06,16.8,16.5,16.4,16.8,44
2012-08-07,16.4,16.3,16.3,16.5,36
2012-08-08,16.3,16,16,16.8,39
2012-08-09,15.8,15.8,15.7,15.8,17
2012-08-10,15.8,15.6,15.5,15.8,17
2012-08-13,15.5,15.5,15.5,15.7,40
2012-08-14,15.5,16,15.5,16,28
2012-08-15,16,15.8,15.8,16,22
2012-08-16,15.8,15.6,15.6,15.8,5
2012-08-17,15.9,15.8,15.6,15.9,11
2012-08-20,15.9,15.7,15.7,15.9,9
2012-08-21,15.6,15.9,15.5,16,22
2012-08-22,16,16,15.9,16.2,63
2012-08-23,16.5,16,16,16.5,49
2012-08-24,16,16,16,16.3,45
2012-08-27,15.9,16.3,15.9,16.5,35
2012-08-28,16.5,16.1,16,16.5,43
2012-08-29,16.1,16,15.9,16.1,24
2012-08-30,15.9,16,15.9,16.4,61
2012-09-03,16,16.2,16,16.3,38
2012-09-04,16.3,16.7,16.3,16.9,197
2012-09-05,16.9,16.7,16.6,17,52
2012-09-06,16.6,16.7,16.4,16.8,53
2012-09-07,16.8,17.4,16.8,17.5,208
2012-09-10,17.6,17.5,17.3,17.9,143
2012-09-11,17.5,17.2,17.2,17.6,73
2012-09-12,17.3,17,16.9,17.3,51
2012-09-13,17,17.8,17,17.9,250
2012-09-14,18,18.8,18,19.1,379
2012-09-17,19,20.2,19,21,747
2012-09-18,20.6,19.4,19.2,21.1,396
2012-09-19,18.5,19.2,18,19.9,233
2012-09-20,19.1,20,18.9,20.2,182
2012-09-21,19.9,19.6,19.5,20,88
2012-09-24,19,19,18.7,19.4,92
2012-09-25,19,19.9,19,20.1,155
2012-09-26,20,20.4,20,20.9,251
2012-09-27,20.5,20.4,20.2,20.6,136
2012-09-28,20.5,21.8,20.3,22.1,688
2012-10-01,22.2,21.9,21.8,22.4,389
2012-10-02,21.9,21.4,21.3,22,154
2012-10-03,21.4,21.5,21.4,21.8,64
2012-10-04,21.2,21,20.6,21.3,113
2012-10-05,21,21.5,21,21.6,77
2012-10-08,20.9,21.6,20.8,22,75
2012-10-09,21.6,21.1,20.8,21.9,91
2012-10-10,21,20.9,20.7,21.5,42
2012-10-11,20.7,20.8,20.1,21,81
2012-10-12,21,20.7,20.6,21,38
2012-10-15,21,20.4,20.1,21.5,34
2012-10-16,20.4,19.7,19.6,20.4,59
2012-10-17,19.5,19.8,19.5,20.2,62
2012-10-18,20,20,19.7,20.1,31
2012-10-19,20.2,19.5,19.5,20.3,110
2012-10-22,20,19.1,19.1,20,48
2012-10-23,19.3,19.1,19,19.4,29
2012-10-24,19.2,19.1,19,19.2,37
2012-10-25,19.4,19.8,19.4,20.1,102
2012-10-26,19.5,20,19.5,20.2,67
2012-10-30,20,19.6,19.6,20,40
2012-10-31,19.6,19.6,19.6,20,21
2012-11-01,19.6,19.6,19.5,19.9,20
2012-11-02,19.6,19.7,19.6,19.7,14
2012-11-05,19.9,19.7,19.6,19.9,26
2012-11-06,19.8,19.6,19.6,19.8,20
2012-11-07,19.8,19.8,19.8,19.8,18
2012-11-08,19.8,19.6,19.6,19.8,27
2012-11-09,19.7,19.8,19.7,20,46
2012-11-12,20,19.9,19.9,20.2,67
2012-11-14,19.9,19.7,19.6,19.9,32
2012-11-15,19.8,19.5,19.1,19.8,21
2012-11-16,19.5,19.2,19.2,19.5,29
2012-11-19,19.2,18.8,18.6,19.3,74
2012-11-20,19,18.9,18.6,19,43
2012-11-21,18.7,18.4,18.3,18.7,39
2012-11-22,18.8,18.5,18.4,18.9,17
2012-11-23,18.5,18.7,18.3,18.7,17
2012-11-26,18.5,18.2,18.2,18.5,32
2012-11-28,18.2,18.1,18,18.2,20
2012-11-29,18.1,18,18,18.1,67
2012-11-30,17.9,17.8,17.8,17.9,16
2012-12-03,18,17.5,17.5,18,23
2012-12-04,17.5,17.3,17.2,17.5,34
2012-12-05,17.5,17.4,17.4,17.5,22
2012-12-06,17.5,17.3,17.3,17.6,84
2012-12-07,17.6,17,17,17.6,31
2012-12-10,17.2,16.8,16.5,17.5,90
2012-12-11,17.5,16.8,16.6,17.5,18
2012-12-12,17.5,17.5,17,17.7,92
2012-12-13,17.5,17.5,17.4,17.9,46
2012-12-14,17.5,17.3,17.3,17.7,13
2012-12-17,17.8,17,16.9,17.8,34
2012-12-18,17.8,18.4,17.5,18.6,220
2012-12-19,18.6,18.3,18.2,18.7,58
2012-12-20,18.2,18,18,18.2,27
2012-12-21,18,18,17.9,18,25
2012-12-24,17.9,17.7,17.5,17.9,23
2012-12-26,17.9,18,17.6,18.2,15
2012-12-28,18.1,18.1,18,18.2,20
2012-12-31,18,18,17.9,18.2,80
2013-01-02,17.9,18.7,17.9,19,123
2013-01-03,19,19.1,18.9,19.2,63
2013-01-04,19,19.1,19,19.5,45
2013-01-07,19.1,18.9,18.9,19.1,56
2013-01-08,18.9,18.6,18.5,18.9,27
2013-01-09,19,18.7,18.7,19,12
2013-01-10,18.7,18.8,18.5,18.8,30
2013-01-11,18.6,18.8,18.6,18.8,20
2013-01-15,18.8,18.7,18.5,18.8,17
2013-01-16,18.8,19.2,18.7,19.4,125
2013-01-17,19.3,19.6,19.3,19.8,180
2013-01-18,19.6,19.8,19.5,20,174
2013-01-21,19.9,19.7,19.5,20,74
2013-01-22,19.8,19.8,19.7,19.8,56
2013-01-23,19.8,19.9,19.7,20.2,97
2013-01-24,19.8,19.8,19.7,19.8,16
2013-01-28,19.8,19.7,19.5,19.8,49
2013-01-29,19.7,19.7,19.7,19.8,75
2013-01-30,19.8,19.7,19.7,19.8,23
2013-01-31,19.7,19.8,19.7,19.9,56
2013-02-01,19.8,19.7,19.7,20.1,18
2013-02-05,19.8,20,19.8,20.4,169
2013-02-06,20.1,20,19.9,20.1,47
2013-02-07,20,20,19.9,20.1,45
2013-02-08,20.2,20,19.8,20.2,53
2013-02-11,20,20.3,20,20.6,112
2013-02-12,20.3,20.3,20.1,20.4,58
2013-02-13,20.1,20.3,20,20.3,31
2013-02-14,20.4,20.3,20.2,20.4,27
2013-02-15,20.3,20.5,20.3,20.6,67
2013-02-18,19.8,20.4,19.8,20.6,50
2013-02-19,20.1,20.5,20.1,20.8,50
2013-02-20,20.7,20.5,20.5,20.7,23
2013-02-21,20.5,20.5,20.5,20.6,19
2013-02-22,20.5,20.5,20.5,20.7,87
2013-02-26,20.5,20.5,20.5,20.7,53
2013-02-27,20.5,20.6,20.5,21,57
2013-02-28,20.9,20.5,20.5,20.9,27
2013-03-01,20.5,20.6,20.5,20.7,30
2013-03-04,20.5,20.5,20.5,20.5,21
2013-03-05,20.1,20,20,20.1,22
2013-03-06,19.9,19.7,19.4,19.9,13
2013-03-07,20,19.7,19.7,20,3
2013-03-08,19.7,19.8,19.6,19.9,13
2013-03-11,19.7,20,19.7,20,10
2013-03-12,19.7,19.9,19.7,20,13
2013-03-13,19.9,19.8,19.7,19.9,22
2013-03-14,20,20,19.8,20.1,36
2013-03-15,20,20,19.8,20,19
2013-03-18,20.1,20,20,20.5,44
2013-03-19,20.3,19.9,19.9,20.3,50
2013-03-20,19.9,19.9,19.8,20,27
2013-03-21,19.9,19.9,19.8,20,46
2013-03-22,19.9,19.9,19.8,19.9,31
2013-03-25,19.8,19.9,19.8,19.9,17
2013-03-27,19.9,19.8,19.8,19.9,40
2013-03-28,19.9,19.7,19.7,19.9,20
2013-04-01,19.7,19.5,19.5,20,25
2013-04-02,19.5,19.3,19.3,19.5,20
2013-04-03,19.4,19.2,19.2,19.4,10
2013-04-04,19.3,19.4,19.2,19.5,35
2013-04-05,19.3,19.3,19.2,19.3,20
2013-04-08,19.1,19.3,19.1,19.3,21
2013-04-09,19.4,19.2,19.2,19.8,40
2013-04-10,19.4,19.3,19.3,19.4,5
2013-04-11,19.4,19.5,19.3,19.8,42
2013-04-12,19.5,19.7,19.5,19.9,9
2013-04-16,20,19.7,19.6,20,10
2013-04-17,19.6,20,19.5,20,23
2013-04-18,19.9,19.8,19.8,20,53
2013-04-19,19.6,19.7,19.5,19.8,19
2013-04-22,19.8,19.6,19.6,19.8,32
2013-04-23,19.7,19.7,19.6,19.8,26
2013-04-24,19.7,19.8,19.7,19.8,15
2013-04-26,19.8,19.9,19.8,20,42
2013-04-29,20,19.9,19.9,20,54
2013-04-30,20,19.8,19.7,20,31
2013-05-02,19.8,20,19.8,20,15
2013-05-03,20,20,19.9,20.2,53
2013-05-06,20,20.5,20,20.6,91
2013-05-07,20.9,20.8,20.7,20.9,112
2013-05-08,20.9,21.4,20.9,21.5,255
2013-05-09,21.5,21.9,21.5,22.6,380
2013-05-10,21.9,21.5,21.4,22,98
2013-05-13,21.5,21.4,20.9,21.7,58
2013-05-14,20.9,20.6,20.5,21,63
2013-05-15,21.5,20.9,20.5,21.5,24
2013-05-16,21,21.5,20.6,21.6,39
2013-05-17,21.5,21.5,21.1,21.6,54
2013-05-20,21.5,22,21.5,22,156
2013-05-21,21.9,21.1,21.1,21.9,43
2013-05-22,21.5,21.4,21,21.5,35
2013-05-23,21.3,21,20.9,21.9,32
2013-05-27,21,20.7,20.6,21,34
2013-05-28,20.8,20.6,20.6,20.9,28
2013-05-29,20.6,20.9,20.6,21,39
2013-05-30,20.9,20.8,20.7,21,70
2013-05-31,21,21.5,20.7,21.8,136
2013-06-03,21.5,20.9,20.7,21.5,47
2013-06-04,21.4,21,21,21.4,27
2013-06-05,21.4,21.2,21,21.4,27
2013-06-06,21,21,20.6,21,38
2013-06-07,21,20.8,20.7,21.3,24
2013-06-10,21,20.7,20.6,21,12
2013-06-11,20.7,20.6,20.6,21,35
2013-06-12,20.7,20.6,20.6,20.8,30
2013-06-13,20.6,20.5,20.5,20.7,44
2013-06-14,20.5,20.5,20.4,20.6,31
2013-06-17,20.5,20.4,20.4,20.9,19
2013-06-18,20.5,20.3,20.3,20.5,34
2013-06-19,20.3,20.3,20.3,20.4,28
2013-06-20,20.3,20.3,20.3,20.4,17
2013-06-21,20.3,20.1,19.9,20.3,23
2013-06-24,20.3,20.3,20.3,20.5,6
2013-06-25,20,20,20,20,22
2013-06-26,20,20.1,20,20.4,18
2013-06-27,20,20.1,20,20.5,11
2013-06-28,20.1,20.2,20.1,20.4,9
2013-07-01,20.1,20,20,20.3,15
2013-07-02,20.1,20.2,20.1,20.3,30
2013-07-03,20.1,20.1,20.1,20.2,23
2013-07-04,20.1,20.2,20.1,20.2,18
2013-07-05,20.1,20.1,20.1,20.2,15
2013-07-08,20.3,20.2,20.1,20.3,31
2013-07-09,20.2,20.1,20.1,20.3,15
2013-07-10,20.1,20.2,20.1,20.2,3
2013-07-11,20.3,20.5,20.3,21,17
2013-07-12,20.5,20.5,20.4,20.7,17
2013-07-15,20.4,20.1,20,20.4,18
2013-07-16,20.4,20.3,20.3,20.4,39
2013-07-17,20.3,20.3,20.3,20.4,40
2013-07-18,20.3,20.3,20.3,20.4,57
2013-07-19,20.3,20.3,20.3,20.4,62
2013-07-23,20.3,20.3,20.3,20.4,23
2013-07-24,20.4,20.4,20.3,20.4,11
2013-07-25,20.5,20.5,20.4,20.5,14
2013-07-26,20.7,21,20.5,21.3,308
2013-07-29,21,20.9,20.9,21,51
2013-07-30,20.9,20.8,20.5,21,92
2013-07-31,20.8,20.4,20.4,20.8,102
2013-08-01,20.8,20.5,20.5,20.8,83
2013-08-02,20.8,20.5,20.5,20.8,84
2013-08-05,20.5,20.6,20.5,20.8,120
2013-08-06,21,20.7,20.7,21,62
2013-08-07,20.8,21,20.8,21.3,217
2013-08-08,21,21.3,21,21.5,107
2013-08-12,21.3,21.5,21.2,21.9,125
2013-08-13,21.8,22.4,21.8,22.6,464
2013-08-14,22.5,21.9,21.8,22.5,89
2013-08-15,21.8,21.9,21.7,22,39
2013-08-16,21.6,21.6,21.5,21.8,41
2013-08-19,21.5,21.7,21.5,22,35
2013-08-21,21.7,21.3,21.3,21.8,40
2013-08-22,21.2,21,21,21.5,31
2013-08-23,21,20.9,20,21,96
2013-08-26,20.8,20.8,20.8,21,32
2013-08-27,20.7,20.5,20.3,21,70
2013-08-28,20.6,20.3,20.3,20.7,27
2013-08-29,20.3,20.6,20.3,20.7,31
2013-08-30,20.7,20.4,20.4,20.7,23
2013-09-02,20.3,20.3,20.3,20.4,12
2013-09-03,20.3,20.3,20.3,20.4,51
2013-09-04,20.5,20.3,20.3,20.5,47
2013-09-05,20.2,20.4,20.2,20.6,31
2013-09-06,20.6,20.4,20.3,20.6,19
2013-09-09,20.6,20.3,20.2,20.6,61
2013-09-10,20.2,20.5,20.2,20.6,36
2013-09-11,20.5,20.7,20.5,20.7,45
2013-09-12,20.9,20.5,20.5,20.9,21
2013-09-13,20.9,20.5,20.3,20.9,27
2013-09-16,20.3,20.4,20.3,20.5,10
2013-09-17,20.4,20.3,20.3,20.4,17
2013-09-18,20.3,20.3,20.2,20.4,23
2013-09-20,20.2,20.5,20.2,20.6,18
2013-09-23,20.5,20.4,20.4,20.7,17
2013-09-24,20.5,20.3,20.3,20.5,30
2013-09-25,20.3,20.2,20.2,20.4,27
2013-09-26,20.5,20.4,20.3,20.6,19
2013-09-27,20.3,20.4,20.3,20.5,21
2013-09-30,20.5,20.3,20.3,20.5,18
2013-10-01,20.5,20.4,20.4,20.5,3
2013-10-02,20.4,20.5,20.4,20.6,20
2013-10-03,20.5,20.8,20.4,20.9,30
2013-10-04,21,21,20.9,21.3,65
2013-10-07,21.4,21.5,21.3,21.5,60
2013-10-08,21.4,21.5,21.4,21.6,51
2013-10-09,21.5,21.6,21.4,22,118
2013-10-10,21.5,21.7,21.5,21.9,23
2013-10-11,21.5,22,21.5,22,72
2013-10-14,22.2,22,22,22.3,62
2013-10-15,22.2,22,22,22.4,81
2013-10-17,22,21.9,21.9,22,35
2013-10-21,22,22,22,22.4,75
2013-10-22,22,22,22,22.3,88
2013-10-23,22.1,22.2,22,22.3,14
2013-10-24,22,22.4,22,22.5,63
2013-10-25,22.4,22.8,22.4,23,111
2013-10-28,22.5,22.5,22.4,22.7,32
2013-10-29,22.4,22.5,22.4,22.6,25
2013-10-30,22.5,22.9,22.5,23,62
2013-10-31,22.9,22.9,22.8,23,36
2013-11-01,22.9,22.8,22.8,22.9,65
2013-11-04,22.9,22.8,22.7,22.9,69
2013-11-05,22.8,22.9,22.8,22.9,45
2013-11-06,23,23,23,23.2,99
2013-11-07,23.1,22.9,22.9,23.1,45
2013-11-08,23,22.7,22.6,23,42
2013-11-11,22.6,23,22.6,23.1,67
2013-11-12,22.5,22.8,22.5,22.8,11
2013-11-13,22.8,22.8,22.5,22.8,6
2013-11-14,22.8,23,22.8,23,8
2013-11-15,22.8,23,22.8,23,15
2013-11-18,22.7,22.7,22.7,22.9,7
2013-11-19,22.9,22.9,22.6,23,41
2013-11-20,22.7,22.5,22.3,22.8,16
2013-11-21,22.7,22.8,22.6,22.8,19
2013-11-22,22.7,22.5,22.4,22.7,12
2013-11-25,22.4,22.4,22.4,22.7,7
2013-11-26,22.6,22.2,22,22.6,39
2013-11-27,22.5,22.5,22.4,22.5,7
2013-11-28,22.4,22.4,22.4,22.5,11
2013-11-29,22.4,22.6,22.1,23,54
2013-12-02,22.9,22.5,22.4,22.9,11
2013-12-03,22.8,22.3,22.3,22.8,13
2013-12-04,22.5,22.4,22.3,22.5,19
2013-12-05,22.2,22.3,22.1,22.5,21
2013-12-06,22.2,22.4,22.2,22.4,8
2013-12-09,22.4,22.4,22.3,22.4,9
2013-12-10,22.2,22.3,22.1,22.4,15
2013-12-11,22.2,22.1,22,22.2,13
2013-12-12,22.1,22.1,22.1,22.3,7
2013-12-13,22.1,22,22,22.1,13
2013-12-17,22,22,22,22,1
2013-12-18,21.8,21.8,21.8,21.8,3
2013-12-19,22.4,22.4,22.2,22.5,26
2013-12-20,22.1,22,22,22.3,13
2013-12-23,22.2,22.1,22.1,22.2,2
2013-12-24,22.1,22.3,22,22.3,17
2013-12-26,22,22,21.9,22,17
2013-12-27,22.1,22.1,22,22.1,4
2013-12-30,22.3,22.1,22,22.3,5
2013-12-31,22.1,22.1,22.1,22.2,14
2014-01-02,22,22.5,22,22.6,29
2014-01-03,22.3,22.2,22.1,22.4,29
2014-01-06,22.1,22,22,22.1,56
2014-01-07,22,21.9,21.8,22,59
2014-01-08,22,21.8,21.8,22,51
2014-01-09,21.9,21.6,21.5,21.9,70
2014-01-10,21.6,21.8,21.5,21.8,40
2014-01-13,21.8,21.8,21.7,22,27
2014-01-16,21.7,21.8,21.7,22,144
2014-01-17,22,22,21.9,22.4,81
2014-01-20,21.9,22,21.9,22.2,46
2014-01-21,22,22.2,22,22.2,7
2014-01-22,22,22.4,22,22.5,59
2014-01-23,22.5,22.7,22.4,23.3,240
2014-01-24,23,23,22.7,23,72
2014-01-27,23,22.8,22.7,23,26
2014-01-28,22.8,23.1,22.8,23.1,65
2014-01-29,23,23.1,23,23.1,46
2014-01-30,23.1,23,23,23.2,40
2014-01-31,23,23.3,23,23.3,63
2014-02-03,23.2,23.5,23,23.5,49
2014-02-05,23.2,23.2,23,23.4,79
2014-02-06,23,23,22.8,23.1,27
2014-02-07,22.9,22.8,22.8,23,18
2014-02-10,22.8,22.6,22.5,22.8,29
2014-02-11,22.6,22.6,22.6,22.8,9
2014-02-12,22.5,22.4,22.4,22.5,5
2014-02-13,22.8,22.7,22.6,23,17
2014-02-17,22.8,22.8,22.8,23,34
2014-02-18,22.8,22.6,22.6,22.9,16
2014-02-19,22.6,22.6,22.6,22.6,11
2014-02-20,22.6,22.6,22.5,22.8,27
2014-02-21,22.5,22.4,22.4,22.5,22
2014-02-24,22.4,22.3,22.3,22.5,21
2014-02-25,22.2,22.1,22,22.3,18
2014-02-26,22.4,22.3,22.2,22.5,26
2014-02-28,22.2,22.2,22.2,22.4,17
2014-03-03,22.2,22.2,22.2,22.2,13
2014-03-04,22.1,22.1,22,22.1,27
2014-03-05,22.1,22.2,22,22.2,6
2014-03-06,22.2,22.1,22,22.4,19
2014-03-07,22.2,22.3,22,22.4,3
2014-03-10,22.5,22.2,22.1,22.5,4
2014-03-11,22.1,22.1,22,22.2,19
2014-03-12,22.2,22,22,22.2,17
2014-03-13,22.2,22.1,22,22.2,10
2014-03-14,22.1,22.1,22,22.1,10
2014-03-17,22,22,22,22,11
2014-03-18,21.9,21.8,21.7,21.9,21
2014-03-19,21.9,21.8,21.8,22,21
2014-03-20,22,22,22,22,23
2014-03-21,22.1,22.1,22,22.5,19
2014-03-24,22.1,22.5,22.1,22.7,19
2014-03-25,22.6,22.6,22.6,22.6,2
2014-03-26,22.5,22.5,22.2,22.6,19
2014-03-27,22.1,22.4,22.1,22.5,7
2014-03-28,22.1,22.2,22.1,22.2,4
2014-03-31,22.3,22.5,22.3,22.5,22
2014-04-01,22.5,22.6,22.5,22.6,15
2014-04-02,22.5,22.5,22.5,22.7,14
2014-04-03,22.7,22.6,22.6,22.8,19
2014-04-04,22.5,22.9,22.5,23,67
2014-04-07,22.8,22.8,22.8,22.9,14
2014-04-08,23,23,23,23.1,36
2014-04-09,23,23,23,23,85
2014-04-10,23.2,23,23,23.2,24
2014-04-11,23,23.2,23,23.2,20
2014-04-16,23.1,23.9,23.1,24,81
2014-04-17,23.9,23.8,23.6,23.9,26
2014-04-21,23.8,23.7,23.5,23.8,44
2014-04-22,23.6,23.5,23.5,23.7,21
2014-04-23,23.4,23.3,23.3,23.5,18
2014-04-24,23.4,23.2,23.2,23.4,15
2014-04-25,23.3,23,22.8,23.3,30
2014-04-28,23,23,22.8,23,10
2014-04-29,23,23,22.9,23,25
2014-04-30,23,23,22.8,23,87
2014-05-02,23,23,23,23.2,57
2014-05-05,23.1,23,23,23.3,77
2014-05-06,23.4,22.9,22.9,23.4,35
2014-05-07,23,23.1,22.9,23.3,29
2014-05-08,23.1,23.1,23.1,23.1,7
2014-05-09,23.1,23.2,23.1,23.2,24
2014-05-12,23.1,23.1,23.1,23.2,28
2014-05-13,23.4,23.1,23.1,23.4,11
2014-05-16,23.2,23.4,23.2,23.8,53
2014-05-19,23.4,23.5,23.3,23.5,14
2014-05-20,23.4,23.3,23.3,23.4,22
2014-05-21,23.3,23.3,23.2,23.4,24
2014-05-22,23.4,23.7,23.4,23.8,88
2014-05-23,23.8,23.7,23.7,24,134
2014-05-26,23.7,23.6,23.5,23.7,24
2014-05-27,23.6,23.4,23.4,23.6,18
2014-05-28,23.4,23.2,23.2,23.4,28
2014-05-29,23.3,23.5,23.2,23.5,28
2014-05-30,23.4,23.3,23.2,23.5,26
2014-06-02,23.4,23.3,23.3,23.4,13
2014-06-03,23.3,23.2,23.1,23.3,35
2014-06-04,23.2,23,23,23.2,27
2014-06-05,23.1,23.1,23,23.2,24
2014-06-06,23.1,23,23,23.2,17
2014-06-09,23.3,23.3,23.3,23.3,2
2014-06-10,23.4,23.5,23.4,23.7,30
2014-06-11,23.7,23.5,23.5,23.7,27
2014-06-13,23.3,24,23.3,24.5,110
2014-06-16,24.1,24,23.8,24.1,40
2014-06-17,24,24,23.9,24.2,29
2014-06-18,24.4,23.8,23.8,24.4,18
2014-06-19,24,23.9,23.8,24,27
2014-06-20,24,23.9,23.8,24,21
2014-06-23,23.9,23.8,23.7,24,28
2014-06-24,23.7,23.9,23.7,23.9,37
2014-06-25,23.9,23.9,23.8,23.9,22
2014-06-26,23.9,24,23.8,24.3,37
2014-06-27,24.1,25,24.1,25.3,246
2014-06-30,25.1,25,24.7,25.4,172
2014-07-01,25.3,26.5,25.3,26.9,296
2014-07-02,26.8,26.2,26,27,123
2014-07-03,26.3,26,25.9,26.3,487
2014-07-04,26,26.3,25.7,26.5,54
2014-07-07,26,25.8,25.7,26.5,74
2014-07-08,26,26,25.8,26.2,57
2014-07-09,26,26.2,26,26.5,173
2014-07-10,26.3,26.5,26.2,26.6,134
2014-07-11,26.8,26.4,26.1,27,105
2014-07-14,26.5,26.3,26.3,26.7,56
2014-07-15,26.3,26.5,26.3,26.6,79
2014-07-16,26.5,26.3,26.2,26.6,102
2014-07-17,26.1,25.9,25.7,26.1,61
2014-07-18,25.8,25.5,25.4,25.8,255
2014-07-21,25.5,25.5,25.4,26,51
2014-07-22,25.5,25.5,25.4,25.9,83
2014-07-23,25.5,25,24.9,25.5,185
2014-07-24,25,25,25,25.2,129
2014-07-25,25.5,25.3,25,25.5,79
2014-07-28,25.3,25.8,25.2,25.9,135
2014-07-30,25.9,25.6,25.5,25.9,37
2014-07-31,25.9,25.5,25.4,25.9,66
2014-08-01,25.8,25.5,25.4,25.8,28
2014-08-04,25.4,25.5,25.3,25.5,30
2014-08-05,25.8,25.5,25.5,25.8,26
2014-08-06,25.8,26.1,25.6,26.2,70
2014-08-07,26.2,27,26.1,27.2,198
2014-08-08,27,27.5,26.9,27.8,188
2014-08-11,27.8,27.5,27.3,27.8,71
2014-08-12,27.5,27.5,27,27.5,108
2014-08-13,27.5,27.3,27.2,27.6,118
2014-08-14,27.5,27.5,27.3,27.5,174
2014-08-15,27.5,27,26.9,27.5,109
2014-08-18,27,26.9,26.8,27,82
2014-08-19,26.7,26.5,26.4,26.8,127
2014-08-20,27,26.5,26.4,27,200
2014-08-21,26.5,26.5,26.4,27,78
2014-08-22,27,26.5,26.4,27,104
2014-08-25,26.5,26.5,26.4,26.5,80
2014-08-26,26.5,26.4,26.4,26.5,46
2014-08-27,26.5,26.5,26.4,26.5,48
2014-08-28,26.4,27,26.4,27,36
2014-08-29,27,27,26.9,27.3,136
2014-09-01,27,26.8,26.8,27,26
2014-09-02,26.8,26.7,26.7,26.8,54
2014-09-03,26.7,27.2,26.7,27.4,59
2014-09-04,27.3,27.3,27,27.3,51
2014-09-05,27.3,27.5,27.2,27.5,164
2014-09-09,27.5,27.7,27.3,28,160
2014-09-10,27.8,27.4,27.3,27.8,168
2014-09-11,27.5,27.5,27.3,27.5,110
2014-09-12,27.6,28,27.6,28.2,307
2014-09-15,28,28,27.9,28.4,213
2014-09-16,28.1,28.1,28,28.7,326
2014-09-17,28.1,27.9,27.8,28.3,125
2014-09-18,28,28.5,27.8,28.6,207
2014-09-19,28.5,29,28.5,29.2,446
2014-09-22,29.2,29,28.7,29.2,185
2014-09-23,29.2,28.6,28.4,29.3,137
2014-09-24,29,28.8,28.7,29,106
2014-09-25,28.7,28.5,28.3,28.9,135
2014-09-26,28.4,28.9,28.3,29,158
2014-09-29,29,28.9,28.9,29.1,193
2014-09-30,29,29.3,28.9,29.4,285
2014-10-01,29.4,29.7,29.3,29.8,332
2014-10-02,29.8,30.7,29.8,31.5,589
2014-10-03,31,31.4,31,31.8,451
2014-10-07,31.4,31.3,31.2,31.5,185
2014-10-09,31.3,32.7,31.2,33,546
2014-10-10,32.7,31.6,31.5,33,483
2014-10-13,31.5,30.5,30.2,31.5,563
2014-10-14,30.2,31,30.1,31.5,417
2014-10-15,31,31.7,31,31.8,169
2014-10-16,31.6,31,30.5,31.6,160
2014-10-17,31,30.9,30.7,31,71
2014-10-20,31,30.5,30.3,31,122
2014-10-21,30.5,30,29.7,30.6,174
2014-10-23,30.4,30.9,30,31,140
2014-10-24,31,31.4,31,31.4,90
2014-10-27,31.5,30.8,30.7,31.5,95
2014-10-28,31,31.2,30.8,31.4,84
2014-10-29,31.2,31.6,31.1,32.2,252
2014-10-30,31.6,32,31.5,32,178
2014-10-31,32,31.9,31.8,32.1,116
2014-11-03,32.2,32.1,31.8,32.2,67
2014-11-04,32.1,32,32,32.1,66
2014-11-05,32.1,33.2,32,33.9,479
2014-11-07,33.5,35.1,33.4,35.5,824
2014-11-10,35.3,34.5,34.1,35.7,428
2014-11-11,34.5,34.5,33.7,34.8,269
2014-11-12,34.5,36.8,34.4,37.4,950
2014-11-13,38,39,38,40.2,1435
2014-11-14,39.2,39.9,38.4,40.3,942
2014-11-17,40,42,40,42.6,1091
2014-11-18,42,41.5,41,43.5,1360
2014-11-19,42,41.1,40.9,42.5,894
2014-11-20,41.1,40.9,40.7,41.9,313
2014-11-21,41,39.3,38.9,41.2,985
2014-11-24,38.9,37.3,36.7,38.9,745
2014-11-25,38,38,37.8,38.9,373
2014-11-26,38,36.9,36.7,38,277
2014-11-27,37,35.7,35.3,37,410
2014-11-28,35.9,36.9,35.9,37.5,300
2014-12-01,37.9,38,37.1,38.8,400
2014-12-02,38.3,38,37.8,38.9,316
2014-12-03,37.9,37.8,37.5,38,139
2014-12-04,37.6,37.5,37.5,37.9,115
2014-12-05,37.4,37.4,37,38,94
2014-12-08,37.2,37.3,36.9,37.5,210
2014-12-09,37.3,37.4,37.2,38,59
2014-12-10,37.3,37.5,37.3,37.7,185
2014-12-11,37.3,37.4,37.3,38,94
2014-12-12,37.9,37.4,37.2,37.9,62
2014-12-15,37.2,37.2,37.1,37.3,93
2014-12-16,37.2,37,37,37.2,84
2014-12-17,37,36.6,36.6,37.2,119
2014-12-18,36.6,36.6,36.5,36.8,95
2014-12-19,36.9,36.8,36.6,36.9,67
2014-12-22,36.5,36.1,36,37,245
2014-12-23,36.2,34.3,34,36.2,626
2014-12-24,34.7,35,34.2,35.1,230
2014-12-26,35.4,35.1,35,35.4,90
2014-12-29,35.1,34.6,34.5,35.1,125
2014-12-30,34.5,33.2,32.7,34.7,626
2014-12-31,33,32.1,32,34,480
2015-01-02,32.8,32.5,32,32.9,517
2015-01-06,32.5,34.5,32.5,34.9,1007
2015-01-07,34.9,35.3,34.5,36.1,1023
2015-01-08,35.5,35,34.7,35.8,559
2015-01-09,33.5,33.2,28,33.8,1288
2015-01-12,33,30,29.7,33,1038
2015-01-13,30.6,30,28.9,30.6,402
2015-01-16,30.3,30,29.6,31.2,423
2015-01-19,29.9,26.6,26.5,29.9,881
2015-01-20,27,26.8,26.5,28.3,376
2015-01-21,27,27,26.5,28,609
2015-01-22,27.5,27.1,26.4,27.5,153
2015-01-23,27.1,26.5,26.5,27.3,191
2015-01-26,27,27,26.5,27.1,148
2015-01-27,26.5,27,26.5,27.3,254
2015-01-28,27,26.5,26.5,27.1,207
2015-01-29,26.6,26.9,26.5,27,87
2015-01-30,26,25.8,25,26.3,436
2015-02-02,25.8,25.5,24.4,26,305
2015-02-05,25,27,25,27.2,352
2015-02-06,27,27.4,27,28.4,587
2015-02-09,27,26.5,26.4,27.1,160
2015-02-10,26.6,26.5,26.3,27,104
2015-02-11,26.4,27.1,26.3,27.4,211
2015-02-12,27.1,27.1,26.8,27.2,111
2015-02-13,27,27.3,26.9,27.3,92
2015-02-16,27.4,27,27,27.4,67
2015-02-18,27,27.1,27,27.4,79
2015-02-19,27.1,27.5,27,27.7,162
2015-02-20,27.2,27.4,27.2,27.5,48
2015-02-23,27.3,27,26.9,27.4,99
2015-02-24,27,27,26.9,27.1,62
2015-02-25,27,27.1,27,27.1,49
2015-02-26,27.3,27.3,27,27.3,46
2015-02-27,27,27.2,27,27.4,103
2015-03-02,27.4,27.3,27.1,27.4,79
2015-03-03,27.4,28.1,27.3,28.5,365
2015-03-04,28.2,28,27.8,28.2,129
2015-03-06,27.8,27.3,27.2,27.9,95
2015-03-09,27.7,27,27,27.7,53
2015-03-10,27,27,26.9,27.4,39
2015-03-11,27,26.8,26.8,27,38
2015-03-12,26.8,26.6,26.6,26.8,5
2015-03-13,26.6,26.4,26.3,26.7,50
2015-03-16,26.2,25.8,25.8,26.2,78
2015-03-17,25.8,25.4,25.3,26,61
2015-03-18,25.3,24.8,24.2,25.5,123
2015-03-19,24.4,24,24,25,140
2015-03-20,24,21.6,21,24.2,746
2015-03-23,22.1,20.4,20.2,22.9,500
2015-03-24,20.2,20.5,20.1,20.8,543
2015-03-25,20.7,20.5,20.4,20.9,139
2015-03-26,20.5,20.1,20,20.6,238
2015-03-27,20.3,19.6,19.5,20.5,251
2015-03-30,19.5,18.7,18.5,19.8,238
2015-03-31,18.6,19.2,18.5,19.5,196
2015-04-01,19.3,20.4,19.3,20.7,459
2015-04-02,20.6,22,20.6,22.1,600
2015-04-06,22.3,20.9,20.8,22.3,289
2015-04-07,21,21,20.7,21.9,132
2015-04-08,21.3,21,20.7,21.3,78
2015-04-09,21.1,20.5,20.3,21.1,116
2015-04-10,20.5,20.8,20.5,21,65
2015-04-15,21,21.9,20.7,22,101
2015-04-16,22,22.5,21.9,22.7,308
2015-04-17,22.7,24,22.2,24.3,694
2015-04-20,24.3,24.6,24.3,25.4,659
2015-04-21,24.5,23.9,23.8,24.5,219
2015-04-22,24.2,24,23.8,24.4,124
2015-04-23,23.8,23.6,23.3,23.8,95
2015-04-24,23.7,23.6,23.6,23.8,51
2015-04-27,23.7,23.5,23.4,23.7,63
2015-04-28,23.4,23.3,23.2,23.6,60
2015-04-29,23.5,23,23,24.1,217
2015-04-30,23.5,22.6,22.5,23.5,91
2015-05-05,22.6,22.2,21.9,22.6,281
2015-05-06,22.3,21.7,21.5,22.5,187
2015-05-07,21.6,21.4,21.3,21.8,142
2015-05-08,20.8,20.8,20.7,21.5,198
2015-05-11,21,20.6,20.5,21.1,93
2015-05-12,20.9,20.7,20.5,21.3,118
2015-05-13,20.8,20.2,20,20.8,262
2015-05-14,20.5,20.4,20.3,20.6,90
2015-05-15,20.5,20.6,20.5,21,165
2015-05-18,20.5,20.5,20.3,20.9,83
2015-05-19,20.8,21.1,20.5,21.3,273
2015-05-20,21.3,21.5,21,21.9,227
2015-05-21,21.8,21,20.9,21.8,108
2015-05-22,21,21,20.9,21.3,88
2015-05-25,21,21,21,21.6,114
2015-05-26,21.1,21,21,21.3,109
2015-05-27,21.5,21,21,21.5,52
2015-05-28,21,21,20.9,21.2,55
2015-05-29,21.2,21.1,21,21.3,121
2015-06-01,21.3,21.1,21,21.3,65
2015-06-03,21.1,21,21,21.1,65
2015-06-05,21.1,21.2,21,21.2,42
2015-06-08,21.3,21.6,21.1,21.7,89
2015-06-09,21.8,21.6,21.5,22,128
2015-06-10,21.7,21.6,21.5,21.8,48
2015-06-11,21.6,23,21.6,23.3,492
2015-06-12,23.3,24,23.3,24.5,804
2015-06-15,24.2,23.9,23.5,24.3,503
2015-06-16,23.9,23.2,23.1,24,172
2015-06-17,23.1,22.8,22.7,23.1,148
2015-06-18,22.9,23.3,22.3,23.5,168
2015-06-19,23.8,22.9,22.8,23.8,65
2015-06-22,22.8,22.3,22.2,22.8,72
2015-06-23,22.4,22.5,22.2,22.9,50
2015-06-24,22.6,22.6,22.5,23,104
2015-06-25,22.8,22.8,22.6,22.9,33
2015-06-26,22.7,22.6,22.6,22.9,63
2015-06-29,23,23.4,23,23.8,260
2015-06-30,23.5,23.8,23.2,24,358
2015-07-02,24,24.1,24,24.6,570
2015-07-03,24,23.9,23.9,24.2,134
2015-07-06,24,24.5,24,25.2,425
2015-07-07,24.3,24.2,24,24.6,180
2015-07-08,24.1,24,23.5,24.1,123
2015-07-09,24.3,24.2,23.8,24.4,84
2015-07-10,24.3,25,24.3,25.2,376
2015-07-13,25,24.4,24.2,25.2,134
2015-07-14,24.5,24.3,24.2,24.8,70
2015-07-15,24.4,24.2,24,24.4,118
2015-07-16,24.7,24.6,24.1,24.9,132
2015-07-17,24.8,24.7,24.3,24.9,112
2015-07-20,24.5,24.7,24.5,24.9,90
2015-07-21,24.8,24.7,24.6,24.8,71
2015-07-22,24.7,24.5,24.4,24.8,124
2015-07-23,24.4,24.3,24,24.9,192
2015-07-24,24.4,24.9,24,25,210
2015-07-27,25,24.5,24.5,25.1,66
2015-07-28,24.6,25,24.6,25.2,146
2015-07-29,25,27.4,25,27.9,1259
2015-07-30,27.9,27.2,26.7,27.9,373
2015-08-03,27.4,27.1,27,27.5,134
2015-08-04,27,26.9,26.6,27.3,169
2015-08-05,26.9,26.5,26.3,27.2,201
2015-08-06,26.6,26.3,25.9,26.6,196
2015-08-07,26.2,26.2,26,26.4,87
2015-08-10,26.4,26.7,26.1,27,156
2015-08-11,27.5,27.4,26.9,27.5,357
2015-08-12,27.5,27.1,27,27.5,264
2015-08-13,27.1,26.9,26.8,27.1,158
2015-08-14,27,27,26.8,27.1,210
2015-08-17,27,26.6,26.5,27.2,194
2015-08-18,27,26.3,26.3,27.4,220
2015-08-19,26.5,26.4,26.2,27,240
2015-08-20,26.5,25.9,25.5,26.5,445
2015-08-21,25.7,25.8,25.5,26.5,199
2015-08-24,25.8,24.7,24.1,26,295
2015-08-25,24.6,24.5,24.5,24.8,181
2015-08-26,24.6,24.6,24.5,25.9,165
2015-08-27,24.9,25,24.7,25.9,101
2015-08-28,25.1,26,25,26.4,304
2015-08-31,26,25.3,25,26.4,121
2015-09-01,25.3,25.6,25.3,25.8,21
2015-09-02,25.8,25.4,25,25.8,91
2015-09-03,25.4,25.5,25.4,25.8,59
2015-09-04,25.5,25.4,25.2,25.7,28
2015-09-07,25.4,24.9,24.9,25.4,90
2015-09-08,24.9,24.8,24.7,25.5,50
2015-09-09,24.9,25.6,24.7,25.7,79
2015-09-10,25.7,25.1,25,25.7,24
2015-09-11,25.4,25.1,25.1,25.4,21
2015-09-14,25.2,25.5,25.2,25.6,72
2015-09-15,25.6,25.5,25.4,25.8,137
2015-09-16,25.4,25.3,25.3,25.7,42
2015-09-17,25.3,24.7,24.5,25.4,82
2015-09-18,25,24.7,24.2,25.1,32
2015-09-21,25.1,24.8,24.7,25.3,24
2015-09-22,24.7,24.6,24.5,25,96
2015-09-23,25,24.5,24.2,25,136
2015-09-25,24.8,24.3,24.2,24.8,39
2015-09-28,24.2,24.1,24,24.4,78
2015-09-29,24.1,24.7,24,24.8,89
2015-09-30,24.7,24.2,24.2,25,36
2015-10-01,24.5,24.3,24.2,24.6,48
2015-10-02,24.3,24.4,24.2,24.5,33
2015-10-05,24.5,24.2,24.1,24.5,51
2015-10-06,24.2,23.7,23.6,24.3,155
2015-10-07,23.9,23.8,23.5,23.9,104
2015-10-08,23.8,23.5,23.3,24,136
2015-10-09,23.8,23.8,23.5,24,90
2015-10-12,23.9,23.5,23.3,24,66
2015-10-13,23.5,23,22.8,23.6,309
2015-10-14,23,23,22.9,23.5,105
2015-10-15,22.9,22.9,22.7,23,75
2015-10-16,22.9,22.9,22.7,23,72
2015-10-19,22.9,23,22.9,23.1,38
2015-10-20,23,22.9,22.7,23,64
2015-10-21,22.9,22.5,22.3,22.9,206
2015-10-22,22.5,22.5,22.4,22.5,60
2015-10-23,22.9,22.5,22.4,22.9,75
2015-10-26,22.5,22.9,22.5,23,49
2015-10-28,22.9,23.1,22.9,23.6,140
2015-10-29,23.7,23.8,23.3,24.2,166
2015-10-30,23.8,23.1,23,23.8,106
2015-11-02,23.8,23.5,23.2,23.8,12
2015-11-03,23.8,23,22.9,23.8,97
2015-11-04,23,23.3,23,23.3,43
2015-11-05,23.3,23.3,23,23.5,68
2015-11-06,23.5,23,23,23.6,463
2015-11-09,23.2,22.9,22.9,23.3,46
2015-11-11,22.9,22.6,22.6,22.9,90
2015-11-12,22.8,22.6,22.6,23,44
2015-11-13,22.7,22.5,22.5,23,129
2015-11-16,22.7,22.6,22.4,22.8,72
2015-11-17,22.6,22.6,22.5,22.7,26
2015-11-18,22.9,23,22.7,23.4,154
2015-11-19,23.3,24,22.9,24.2,355
2015-11-20,24,23.9,23.7,24.2,145
2015-11-23,24.4,24,23.8,24.5,474
2015-11-24,24.2,23.9,23.7,24.5,123
2015-11-26,24,23.6,23.5,24,109
2015-11-27,23.8,23.6,23.4,23.8,105
2015-11-30,23.7,23.3,23.2,23.7,106
2015-12-01,23.3,23.3,23.3,23.8,118
2015-12-02,23.2,22.8,22.7,23.2,108
2015-12-03,22.9,22.7,22.6,22.9,55
2015-12-04,22.7,22.6,22.6,22.8,78
2015-12-07,22.9,22.4,22.4,23,164
2015-12-08,22.5,22.2,22.1,22.5,128
2015-12-09,22.4,22.2,22.1,22.5,53
2015-12-10,22.1,22.4,22,22.7,86
2015-12-11,22.5,22.2,22.2,23,171
2015-12-14,22.3,22.4,22.3,22.9,149
2015-12-15,22.5,22.4,22.3,22.8,227
2015-12-16,22.5,23.3,22.5,23.4,268
2015-12-17,23.2,23.6,23.2,23.8,237
2015-12-18,23.6,23.5,23.4,24,249
2015-12-21,23.2,23.4,23.2,23.7,59
2015-12-22,23.5,23.4,23.3,23.7,92
2015-12-23,23.5,23.3,23.3,23.5,51
2015-12-28,23.4,23.4,23.2,23.6,50
2015-12-29,23.4,23.4,23.3,23.5,66
2015-12-30,23.4,23,22.9,23.4,105
2015-12-31,23.3,23.1,22.9,23.3,124
2016-01-04,23.3,23.6,23.3,23.8,153
2016-01-05,23.7,23.5,23.5,23.8,74
2016-01-06,23.6,23.3,23.2,23.6,101
2016-01-07,23.2,22.9,22.8,23.2,107
2016-01-08,22.8,22.6,22.4,23.1,201
2016-01-11,22.6,22.1,21.8,22.9,168
2016-01-12,22,21.5,21.5,22.3,155
2016-01-13,21.5,22.2,21.5,22.5,161
2016-01-14,22.3,21.6,21.5,22.3,138
2016-01-18,21.5,20.9,20.9,21.8,145
2016-01-19,21,20.7,19.5,21.3,199
2016-01-20,20.9,20,19.8,21,130
2016-01-21,20.8,21.2,20.5,21.3,210
2016-01-22,21.2,21.2,21.1,21.9,276
2016-01-25,21.3,21.3,20.9,21.3,96
2016-01-26,21.1,21.4,21,21.6,78
2016-01-27,21.5,21.6,21.2,21.9,68
2016-01-28,22,21.9,21.5,22.1,124
2016-01-29,22,22.1,21.8,22.1,85
2016-02-01,22.2,22,21.9,22.3,52
2016-02-02,22.1,22.3,22,22.4,72
2016-02-03,22.3,22,22,22.4,65
2016-02-05,22,22,22,22.1,50
2016-02-08,22,22,22,22.3,48
2016-02-09,22,22,21.9,22.1,138
2016-02-10,22,22,21.9,22.1,66
2016-02-11,22,21.5,21.5,22,100
2016-02-12,21.7,21.4,21,21.7,57
2016-02-15,21.1,21,20.8,21.3,75
2016-02-16,20.8,20.8,20.6,21.2,39
2016-02-17,20.7,20.3,20.2,20.7,87
2016-02-18,20.2,20.4,20.1,20.5,51
2016-02-19,20.3,20.7,20.3,20.8,65
2016-02-23,20.5,20.3,20.3,20.7,56
2016-02-24,20.5,20.5,20.3,20.7,72
2016-02-25,20.5,20.5,20.5,20.7,50
2016-02-26,20.7,20.4,20.3,20.7,56
2016-02-29,20.5,20.5,20.4,20.6,118
2016-03-01,20.4,20.1,20,20.4,134
2016-03-02,20.1,20,19.9,20.3,102
2016-03-03,20,20,20,20.1,92
2016-03-04,20,20.1,19.9,20.2,54
2016-03-08,20,19.4,19.2,20,116
2016-03-09,19.3,19,18.8,19.6,198
2016-03-10,19.3,20,19,20.1,351
2016-03-11,20.2,20.9,20.2,21,402
2016-03-14,21.1,19.9,19.8,21.1,124
2016-03-15,20.3,20,19.7,20.3,275
2016-03-16,20.2,20.5,19.9,20.6,195
2016-03-17,20.5,20.7,20.5,21,173
2016-03-18,20.7,20.3,20.1,20.7,73
2016-03-21,20.9,20.4,20.3,20.9,71
2016-03-23,20.5,20.5,20.4,20.7,36
2016-03-24,20.6,20.5,20.5,20.7,42
2016-03-28,20.5,20.3,20.3,20.5,81
2016-03-29,20.3,19.9,19.8,20.3,125
2016-03-30,20.3,20.3,20.1,20.5,74
2016-03-31,20.4,20.8,20.2,21,196
2016-04-01,20.9,21.1,20.8,21.1,147
2016-04-04,21.2,21,20.9,21.2,56
2016-04-05,21,21.3,21,21.4,135
2016-04-06,21.3,21.2,21,21.4,71
2016-04-07,21.3,21.9,21.3,22.1,440
2016-04-08,22.2,22.2,22,22.4,287
2016-04-11,22.2,22.9,22.1,23,374
2016-04-12,22.9,23.4,22.9,23.7,582
2016-04-15,23.5,23.7,23.5,24,156
2016-04-18,23.7,23.2,22.8,23.8,327
2016-04-19,23.2,22.8,22.5,23.2,307
2016-04-20,22.8,22.9,22.8,23.4,177
2016-04-22,22.9,23,22.9,23.3,92
2016-04-25,23.2,22.6,22.5,23.2,145
2016-04-26,22.8,22.5,22.3,22.8,212
2016-04-27,22.6,23,22.5,23.1,127
2016-04-28,23,23,22.8,23.3,127
2016-04-29,23.2,23.4,23,23.5,265
2016-05-03,23.2,23.4,23.2,23.5,145
2016-05-04,23.5,23.3,23.3,23.7,159
2016-05-05,23.3,23.1,22.9,23.3,149
2016-05-06,23.3,23.2,23,23.5,137
2016-05-09,23,23,22.9,23.3,86
2016-05-10,23,23.1,22.9,23.5,90
2016-05-11,23.1,23,23,23.4,94
2016-05-12,23.1,23,22.8,23.1,94
2016-05-13,23,23.4,23,23.6,257
2016-05-16,23.5,23.3,23.2,23.5,75
2016-05-17,23.3,23.2,23.1,23.4,81
2016-05-18,23.1,23.1,23.1,23.3,56
2016-05-19,23.2,23,22.8,23.3,81
2016-05-20,23,23,22.9,23.1,54
2016-05-24,23,22.7,22.6,23,81
2016-05-25,22.8,22.5,22.5,23,131
2016-05-26,22.9,22.7,22.5,22.9,79
2016-05-27,22.6,22.5,22.5,22.8,150
2016-05-30,22.6,22.8,22.5,22.9,77
2016-05-31,22.8,22.7,22.7,22.8,46
2016-06-01,22.8,23.2,22.8,23.2,98
2016-06-02,23.3,23.5,23.2,23.6,284
2016-06-03,23.3,23.1,23,23.3,138
2016-06-06,23,23,22.9,23.4,103
2016-06-07,23,23,22.8,23,70
2016-06-08,22.9,23.3,22.9,23.5,142
2016-06-09,23.5,23.1,23,23.5,52
2016-06-10,23,23,22.7,23.1,103
2016-06-13,23.2,22.8,22.8,23.2,86
2016-06-14,22.8,22.8,22.8,23,126
2016-06-15,22.8,22.6,22.5,23,77
2016-06-16,22.9,22.1,22,22.9,181
2016-06-17,22,22.7,22,23,145
2016-06-20,22.6,22.6,22.5,22.7,18
2016-06-21,23,22.7,22.6,23,13
2016-06-22,22.6,22.5,22.4,22.7,42
2016-06-23,22.4,22.4,22.4,22.6,51
2016-06-24,22.3,22.2,22,22.4,114
2016-06-27,22.2,21.8,21.8,22.3,113
2016-06-28,21.8,22,21.8,22.4,47
2016-06-29,21.8,21.8,21.8,22.4,93
2016-06-30,21.8,22,21.8,22,46
2016-07-01,21.9,22,21.9,22,59
2016-07-04,21.9,21.8,21.7,21.9,42
2016-07-05,21.8,22,21.8,22.3,95
2016-07-07,21.8,22.2,21.7,22.2,19
2016-07-08,22.4,22.3,22.2,22.5,70
2016-07-11,22.5,22.4,22.3,22.7,53
2016-07-12,22.4,22.3,22.3,22.4,43
2016-07-13,22.4,22.4,22.2,22.6,72
2016-07-14,22.4,22.4,22.2,22.5,64
2016-07-15,22.5,23.3,22,23.4,334
2016-07-18,23.1,23.2,22.8,23.3,53
2016-07-20,23.3,23.2,23.2,23.3,42
2016-07-21,23.2,23.2,23.1,23.5,100
2016-07-22,23.2,23.2,23.1,23.3,32
2016-07-25,23.1,23,23,23.2,39
2016-07-26,23,23.1,23,23.3,26
2016-07-27,23.3,23.2,23.1,23.5,37
2016-07-28,23.2,23,22.9,23.2,38
2016-07-29,23,23.1,22.9,23.4,73
2016-08-01,23.1,23.2,23.1,23.2,23
2016-08-02,23,23.6,23,23.8,153
2016-08-03,23.8,23.6,23.5,23.9,76
2016-08-04,23.7,23.5,23.5,23.7,49
2016-08-05,23.6,23.7,23.5,23.8,90
2016-08-08,23.8,23.7,23.6,24,166
2016-08-09,23.9,24.5,23.9,24.6,518
2016-08-10,24.6,24.3,24.1,24.6,115
2016-08-11,24.3,24.1,24,24.3,83
2016-08-12,24.2,24.3,24.1,24.3,68
2016-08-15,24.5,24.8,24.5,24.9,301
2016-08-16,24.9,24.6,24.5,25.1,285
2016-08-18,25,24.9,24.7,25,89
2016-08-19,24.8,25.6,24.8,25.8,471
2016-08-22,25.8,26.2,25.6,26.4,457
2016-08-23,26.4,26.5,26,26.5,417
2016-08-24,26.5,26,25.8,26.5,320
2016-08-25,26.1,25.9,25.7,26.4,106
2016-08-26,25.9,25.8,25.5,25.9,196
2016-08-29,25.6,25.6,25.5,25.8,125
2016-08-30,25.7,26,25.7,26.2,191
2016-08-31,26.1,26.8,26.1,26.9,472
2016-09-01,26.7,26.9,26.7,27.1,329
2016-09-02,27,26.7,26.6,27,103
2016-09-05,26.7,26.4,26.3,26.7,130
2016-09-06,26.4,26.4,26.2,26.5,76
2016-09-07,26.3,26.4,26.3,26.9,72
2016-09-08,26.5,26,25.9,26.5,203
2016-09-09,26,26,25.7,26.1,64
2016-09-13,26,25.7,25.6,26,93
2016-09-14,25.7,25.5,25.5,25.8,102
2016-09-15,25.5,25.3,25.2,25.6,111
2016-09-19,25.3,25.2,25.2,25.8,88
2016-09-20,25.2,25.3,25.2,25.5,104
2016-09-21,25.3,25.8,25.3,26,165
2016-09-22,26,26.5,26,26.6,264
2016-09-23,26.4,26.4,26.3,26.7,102
2016-09-26,26.5,26.3,26.3,26.5,66
2016-09-27,26.4,26.5,26.3,26.7,198
2016-09-28,26.7,27,26.7,27.1,393
2016-09-29,27.1,27.3,27,27.4,250
2016-09-30,27.4,27.3,27.2,27.7,286
2016-10-03,27.3,27.5,27,27.5,136
2016-10-04,27.4,27.2,27.1,27.5,163
2016-10-05,27.1,27,26.8,27.2,130
2016-10-06,27.1,27.2,27.1,27.4,96
2016-10-07,27.3,27.2,27.1,27.3,97
2016-10-10,27.3,27.1,26.9,27.3,127
2016-10-11,27.1,27,26.6,27.1,160
2016-10-12,26.8,26.7,26.6,26.9,95
2016-10-13,26.7,26.5,26.4,26.7,175
2016-10-14,26.4,26.3,26.3,26.7,102
2016-10-17,26.3,26,25.9,26.4,144
2016-10-18,26.2,26.2,26,26.4,77
2016-10-19,26.5,26.3,26.2,26.8,74
2016-10-20,26.2,26.2,26.1,26.4,65
2016-10-21,26.2,26.1,26,26.4,100
2016-10-24,26.2,26.1,26,26.2,51
2016-10-25,26.2,26.3,26,26.4,50
2016-10-26,26.2,26.1,26.1,26.3,89
2016-10-27,26.2,26.1,26,26.2,89
2016-10-28,26.2,26,25.9,26.2,106
2016-10-31,26.1,26,25.9,26.2,58
2016-11-01,26,26,25.9,26.1,40
2016-11-02,26.1,26.2,26,26.3,38
2016-11-03,26.5,26.3,26.2,26.6,94
2016-11-04,26.3,26.3,26.2,26.4,31
2016-11-07,26.2,26.2,26.1,26.4,47
2016-11-08,26.2,26.2,26.1,26.2,119
2016-11-09,26.1,25.8,25.8,26.2,194
2016-11-10,26,26.4,26,26.4,94
2016-11-11,26.1,25.9,25.9,26.2,104
2016-11-15,25.9,25.7,25.6,25.9,100
2016-11-16,25.6,25,24.9,25.8,135
2016-11-17,25,24.8,24.7,25,121
2016-11-18,24.9,24.6,24.6,25,127
2016-11-21,24.6,24.2,24.1,24.6,97
2016-11-22,24,23.8,23.8,24.2,177
2016-11-23,23.9,23.9,23.9,24.3,249
2016-11-24,24,24,23.8,24.4,99
2016-11-25,24,24.2,24,24.4,47
2016-11-28,24.3,24.2,24.2,24.4,59
2016-11-29,24.2,24.1,24,24.2,61
2016-11-30,24.2,24.3,24,24.5,105
2016-12-01,24.5,25,24.4,25.4,130
2016-12-02,25.2,24.8,24.8,25.2,35
2016-12-05,25,25.2,24.8,25.3,102
2016-12-06,25,25,25,25.3,66
2016-12-07,25,25,24.9,25.2,83
2016-12-08,24.9,25.2,24.9,25.3,58
2016-12-09,25.3,25,24.9,25.3,39
2016-12-14,25.1,25,24.9,25.2,67
2016-12-15,25,24.9,24.8,25.1,62
2016-12-16,24.8,25,24.8,25,27
2016-12-19,25,24.9,24.8,25,28
2016-12-20,24.9,24.9,24.8,25,53
2016-12-21,25,24.9,24.8,25,24
2016-12-22,24.8,24.7,24.6,25,57
2016-12-23,24.7,24.8,24.7,24.9,20
2016-12-27,24.7,24.7,24.7,24.9,18
2016-12-28,24.9,24.8,24.7,24.9,28
2016-12-29,24.9,24.8,24.7,24.9,21
2016-12-30,24.8,24.8,24.6,24.9,37
2017-01-02,24.8,24.8,24.7,24.9,48
2017-01-03,24.6,24.6,24.5,24.7,34
2017-01-04,24.7,24.5,24.4,24.8,34
2017-01-05,24.8,25,24.7,25,90
2017-01-06,24.7,24.9,24.7,25,44
2017-01-09,25,24.9,24.8,25,57
2017-01-10,24.8,24.8,24.7,24.9,37
2017-01-11,25,25.4,24.8,25.5,129
2017-01-13,25.6,25.7,25.2,25.8,84
2017-01-16,25.8,25.5,25.5,25.8,35
2017-01-17,25.5,25.7,25.5,25.9,66
2017-01-18,25.7,25.9,25.7,26,53
2017-01-19,25.7,25.8,25.6,25.9,34
2017-01-20,25.7,25.8,25.6,26,38
2017-01-23,25.6,25.6,25.5,25.8,55
2017-01-24,25.7,25.5,25.2,25.7,35
2017-01-25,25.5,25,24.9,25.5,34
2017-01-26,25.2,25,24.9,25.2,28
2017-01-27,25,25,25,25.2,41
2017-01-30,25.1,25,25,25.3,40
2017-01-31,25.2,25,24.8,25.2,97
2017-02-01,24.8,24.8,24.8,24.9,15
2017-02-02,24.9,24.8,24.8,25.1,27
2017-02-03,24.9,24.7,24.7,25,38
2017-02-06,24.7,24.5,24.3,24.7,66
2017-02-07,24.5,24.7,24.5,24.8,59
2017-02-08,24.6,24.7,24.5,24.8,55
2017-02-09,24.8,24.9,24.7,25,29
2017-02-13,24.9,25,24.8,25,38
2017-02-14,25.3,24.8,24.8,25.5,27
2017-02-15,25,25,24.9,25,80
2017-02-16,25,25.1,25,25.5,50
2017-02-17,25,25.1,25,25.2,8
2017-02-20,25.1,25.1,25.1,25.2,22
2017-02-21,25.1,25.5,25.1,25.5,106
2017-02-22,25.3,25.6,25.3,25.6,86
2017-02-23,25.5,25.4,25.4,25.6,23
2017-02-27,25.3,25.1,25,25.3,31
2017-02-28,25,25,25,25.2,53
2017-03-01,25.1,25.1,25,25.2,36
2017-03-02,25,25,25,25.2,40
2017-03-03,25,25,25,25,39
2017-03-06,24.9,24.9,24.5,25,61
2017-03-07,24.9,24.8,24.7,24.9,21
2017-03-08,24.8,24.5,24.5,24.8,53
2017-03-09,24.7,25,24.5,25.1,95
2017-03-10,25.1,25,25,25.1,20
2017-03-13,25,25,24.8,25,30
2017-03-14,25,25,25,25.1,51
2017-03-15,25,24.9,24.8,25.1,53
2017-03-16,25,24.8,24.7,25,50
2017-03-17,24.8,24.6,24.5,24.9,44
2017-03-20,24.5,24.1,24,24.5,67
2017-03-21,24.3,24.3,24,24.4,36
2017-03-22,24.1,24,23.9,24.1,56
2017-03-23,24,23.7,23.7,24,55
2017-03-24,23.7,23.7,23.6,23.9,39
2017-03-27,23.7,23.7,23.6,23.7,26
2017-03-28,23.6,23.7,23.5,23.9,33
2017-03-29,23.6,24,23.6,24.3,60
2017-03-30,23.8,23.8,23.7,23.8,49
2017-03-31,24.2,23.8,23.5,24.2,72
2017-04-03,23.8,23.8,23.8,24,23
2017-04-04,23.9,24.1,23.9,24.3,67
2017-04-05,24.2,24.3,24.2,24.5,37
2017-04-06,24.5,24.9,24.4,24.9,61
2017-04-07,25,25,24.6,25,46
2017-04-11,24.9,25,24.6,25.4,14
2017-04-12,25,25.2,24.7,25.3,47
2017-04-17,25.4,25.3,24.8,25.4,52
2017-04-18,25.3,25.3,25.2,25.4,31
2017-04-19,25.3,25.6,25,25.7,61
2017-04-20,25.8,25.7,25.6,25.8,100
2017-04-21,25.7,26,25.6,26,178
2017-04-24,25.9,25.8,25.3,25.9,70
2017-04-25,25.7,25.4,25.2,25.7,77
2017-04-26,25.2,25.5,25.2,25.6,23
2017-04-27,25.7,25.7,25.6,25.8,34
2017-04-28,25.6,25.7,25.5,25.8,50
2017-05-02,25.7,25.7,25.6,25.9,34
2017-05-03,25.6,26,25.4,26.1,94
2017-05-04,25.9,26,25.6,26.1,55
2017-05-05,26.1,26.6,26.1,26.7,191
2017-05-08,26.7,26.4,26.3,26.9,88
2017-05-09,26.3,26.3,26.1,26.4,60
2017-05-12,26.4,26.3,26.2,26.4,69
2017-05-15,26.4,26.2,26.2,26.5,75
2017-05-16,26.3,26.3,26.1,26.3,41
2017-05-17,26.4,26.3,26.3,26.4,83
2017-05-18,26.4,26.1,26,26.4,92
2017-05-19,26.3,26.3,26.1,26.4,74
2017-05-22,26.3,26.3,26.2,26.4,70
2017-05-23,26.3,26.3,26.3,26.5,53
2017-05-24,26.3,26.3,26.3,26.6,155
2017-05-25,26.3,26.4,26.3,26.4,22
2017-05-26,26.3,26,26,26.3,61
2017-05-29,26.2,26,26,26.2,39
2017-05-30,26.3,26,26,26.3,42
2017-05-31,26,26.1,25.9,26.3,39
2017-06-01,26.1,26,25.9,26.1,29
2017-06-02,25.9,25.9,25.8,26.2,37
2017-06-05,25.8,26,25.8,26,61
2017-06-06,25.9,25.8,25.7,26,22
2017-06-07,25.8,25.8,25.8,26,47
2017-06-09,25.9,25.9,25.8,25.9,39
2017-06-12,25.9,25.7,25.7,25.9,53
2017-06-13,25.9,25.6,25.5,25.9,36
2017-06-14,25.8,25.6,25.4,25.8,68
2017-06-15,25.5,25.8,25.5,25.9,37
2017-06-16,25.4,25.6,25.4,25.9,32
2017-06-19,25.8,25.7,25.7,25.9,58
2017-06-20,25.7,25.7,25.5,25.9,38
2017-06-21,25.6,25.6,25.6,25.8,39
2017-06-22,25.6,25.6,25.5,25.6,38
2017-06-23,25.6,25.5,25.5,25.6,17
2017-06-27,25.5,25.6,25.5,25.7,71
2017-06-28,25.4,25.7,25.3,25.8,56
2017-06-29,25.7,25.6,25.6,25.8,46
2017-06-30,25.8,25.7,25.6,25.8,38
2017-07-03,25.7,25.7,25.6,25.7,26
2017-07-04,25.7,25.6,25.6,25.7,23
2017-07-05,25.7,25.7,25.6,25.9,50
2017-07-06,25.9,25.8,25.8,26,26
2017-07-07,25.9,25.9,25.7,25.9,69
2017-07-10,25.7,25.8,25.7,25.9,23
2017-07-11,25.8,25.4,23,25.9,92
2017-07-12,25.7,25.5,25.4,25.9,42
2017-07-13,25.5,25.3,25.3,25.5,43
2017-07-14,25.3,26.6,25.1,27,222
2017-07-17,26.7,26.8,26.5,27,245
2017-07-18,26.8,26.5,26.3,26.9,66
2017-07-19,26.5,26.2,26,26.5,50
2017-07-20,26.1,26.2,26,26.3,30
2017-07-21,26.1,25.9,25.7,26.2,63
2017-07-24,26,25.7,25.6,26.1,30
2017-07-25,26,26.1,25.9,26.2,63
2017-07-26,26.2,26.5,26,26.6,83
2017-07-27,26.5,26.2,26,26.5,15
2017-07-28,26,26.3,26,26.3,34
2017-07-31,26.3,26.7,26.2,26.9,104
2017-08-01,26.6,26.6,26.5,26.7,32
2017-08-02,26.5,26.5,26.5,26.7,51
2017-08-03,26.5,26.9,26.4,27,209
2017-08-04,26.8,26.6,26.5,26.9,21
2017-08-08,26.6,26.1,26.1,26.7,59
2017-08-09,26.1,26,25.9,26.2,36
2017-08-10,26,26.3,25.9,26.4,44
2017-08-11,26.1,26.2,26.1,26.4,62
2017-08-14,26.1,26.4,26.1,26.4,24
2017-08-15,26.3,26.2,26.2,26.3,34
2017-08-16,26.3,26,26,26.3,50
2017-08-17,26.3,26.1,26,26.3,31
2017-08-18,26.1,26.1,26,26.2,23
2017-08-21,26.3,26.1,26.1,26.3,22
2017-08-22,26.1,26,25.9,26.1,44
2017-08-23,26,25.9,25.9,26.1,48
2017-08-24,25.8,25.8,25.8,25.9,71
2017-08-25,25.8,25.9,25.8,26.1,45
2017-08-28,26.2,26,25.8,26.2,21
2017-08-29,25.8,25.8,25.8,26,31
2017-08-30,25.8,25.8,25.8,26,31
2017-08-31,25.9,26,25.8,26,46
2017-09-04,26,25.8,25.8,26.1,29
2017-09-06,25.8,25.8,25.8,26,46
2017-09-07,25.8,25.6,25.5,25.8,35
2017-09-08,25.8,25.6,25.6,25.8,17
2017-09-11,25.6,25.6,25.5,25.7,39
2017-09-12,25.5,25.5,25.3,25.6,62
2017-09-13,25.4,25.5,25.4,25.6,54
2017-09-14,25.6,25.5,25.4,25.6,39
2017-09-15,25.5,25.4,25.4,25.5,40
2017-09-18,25.6,25.3,25.2,25.6,42
2017-09-19,25.3,25.3,25.2,25.5,36
2017-09-20,25.3,25.2,25.2,25.5,18
2017-09-21,25.3,26,25.1,26,61
2017-09-22,25.9,25.8,25.5,25.9,46
2017-09-25,25.9,25.7,25.7,25.9,30
2017-09-26,25.6,25.6,25.6,26,23
2017-09-27,25.8,25.5,25.5,25.8,34
2017-09-28,25.5,25.7,25.4,25.8,23
2017-09-29,25.8,25.8,25.7,25.9,44
2017-10-02,25.6,25.6,25.5,25.7,12
2017-10-03,25.6,25.9,25.6,25.9,52
2017-10-04,25.9,25.7,25.7,26,29
2017-10-06,25.7,25.7,25.6,26,11
2017-10-09,25.7,25.7,25.7,25.8,20
2017-10-10,25.7,25.8,25.7,25.9,26
2017-10-11,25.8,25.9,25.8,26,63
2017-10-12,25.8,25.8,25.7,25.9,11
2017-10-13,25.9,25.7,25.5,25.9,21
2017-10-16,25.7,25.7,25.5,25.7,13
2017-10-17,25.6,25.5,25.4,25.6,30
2017-10-19,25.3,25.4,25.3,25.6,27
2017-10-20,25.3,25.3,25.2,25.4,26
2017-10-23,25.3,25.2,25.1,25.3,34
2017-10-24,25.3,25.1,25.1,25.3,24
2017-10-25,25.3,25.2,25.2,25.3,33
2017-10-26,25.4,25.4,25.4,25.5,14
2017-10-27,25.5,25.3,25.3,25.5,30
2017-10-30,25.6,25.3,25.2,25.6,17
2017-10-31,25.3,25.2,25.1,25.3,32
2017-11-01,25.3,25.3,25.1,25.4,39
2017-11-02,25.3,25.3,25.3,25.4,31
2017-11-06,25.3,25.2,25.2,25.4,25
2017-11-07,25.2,25.2,25.2,25.3,25
2017-11-08,25.2,25.2,25,25.2,35
2017-11-09,25.2,25.2,25,25.4,21
2017-11-10,25.2,25.2,25.2,25.4,14
2017-11-13,25.2,25.1,25.1,25.2,19
2017-11-14,25.1,25,25,25.3,34
2017-11-15,24.5,24.7,24,24.9,55
2017-11-16,24.6,24.6,24.5,25,30
2017-11-17,24.6,24.6,24.3,24.6,13
2017-11-20,24.5,24,24,24.8,67
2017-11-21,24.1,24,23.9,24.3,42
2017-11-22,24,23.9,23.8,24,28
2017-11-23,24,23.8,23.6,24,75
2017-11-24,24,23.8,23.6,24,44
2017-11-27,23.6,23.5,23.5,24,25
2017-11-28,23.5,23.7,23.5,23.8,18
2017-11-29,23.6,23.6,23.5,23.8,39
2017-11-30,23.6,23.6,23.5,23.9,36
2017-12-04,23.6,24,23.6,24,65
2017-12-05,24.5,24,23.7,24.5,44
2017-12-06,24,24,23.8,24,38
2017-12-07,24,24,23.9,24.2,34
2017-12-11,24.1,23.9,23.9,24.1,9
2017-12-12,23.9,23.9,23.8,23.9,18
2017-12-13,23.9,23.7,23.7,24,35
2017-12-14,23.9,24.1,23.9,24.1,63
2017-12-15,24.1,24,23.9,24.1,26
2017-12-18,24,24,23.7,24,9
2017-12-19,23.8,23.5,23.5,23.8,12
2017-12-20,24,23.5,23.4,24,15
2017-12-21,23.7,23.5,23.5,23.7,15
2017-12-22,23.7,23.7,23.4,23.7,15
2017-12-26,23.6,23.5,23.3,23.7,16
2017-12-27,23.3,23.3,23.3,23.6,34
2017-12-28,23.5,23.5,23.4,23.6,19
2017-12-29,23.6,23.5,23.3,23.8,32
2018-01-02,23.3,23.5,23.3,24,21
2018-01-03,23.5,23.5,23.4,23.7,30
2018-01-04,23.6,23.3,23.3,23.6,19
2018-01-05,23.3,23.7,23.3,24,53
2018-01-08,24,23.9,23.5,24,19
2018-01-09,24,23.7,23.6,24,21
2018-01-10,23.3,23.3,23.2,23.5,53
2018-01-11,23.4,23.5,23.4,23.8,23
2018-01-12,23.5,23.2,23.2,23.5,21
2018-01-16,23.3,23.2,23.2,23.4,23
2018-01-17,23.2,23,23,23.2,42
2018-01-18,23,23.1,23,23.1,50
2018-01-19,23.1,23.3,23.1,23.4,14
2018-01-22,23.5,23.2,23.2,23.5,14
2018-01-23,23.2,23,23,23.3,57
2018-01-24,23.1,23.1,23,23.2,7
2018-01-25,23.2,22.9,22.9,23.2,44
2018-01-26,23,23,23,23.1,16
2018-01-29,23.1,23,23,23.1,18
2018-01-30,23.1,23.2,23.1,23.6,30
2018-02-01,23.5,23.2,23,23.5,16
2018-02-02,23.1,23.1,23,23.4,31
2018-02-06,23.1,23,23,23.3,68
2018-02-07,23,22.8,22.8,23,36
2018-02-08,22.8,23,22.7,23,44
2018-02-09,23,22.8,22.7,23.3,34
2018-02-12,23,23,22.8,23.5,94
2018-02-14,23.5,22.7,22.6,23.5,53
2018-02-15,22.8,22.6,22.5,22.8,35
2018-02-16,22.7,22.9,22.7,23,38
2018-02-19,22.7,22.7,22.6,23,16
2018-02-20,22.9,22.8,22.5,22.9,66
2018-02-21,22.9,22.5,22.4,22.9,88
2018-02-22,22.5,22.5,22.4,22.8,28
2018-02-23,22.5,22.4,22.4,22.5,25
2018-02-26,22.4,22.2,22.1,22.7,65
2018-02-27,22.8,22.1,22.1,22.8,48
2018-02-28,22.1,21.9,21.8,22.1,76
2018-03-02,21.9,21.9,21.9,22,21
2018-03-05,21.9,21.7,21.6,22,93
2018-03-06,22,21.8,21.7,22,124
2018-03-07,21.8,21.6,21.6,21.8,61
2018-03-08,21.7,21.8,21.7,21.8,31
2018-03-09,21.8,21.8,21.6,21.8,38
2018-03-12,21.8,21.8,21.8,21.8,38
2018-03-13,21.8,21.6,21.6,21.8,63
2018-03-14,21.8,21.7,21.6,21.8,42
2018-03-15,21.7,21.2,21.1,21.7,103
2018-03-16,21.1,21.5,21.1,21.5,17
2018-03-19,21.4,21,21,21.5,92
2018-03-20,21,20.6,20.5,21,95
2018-03-21,20.7,20.5,20.4,20.7,93
2018-03-22,20.5,20.4,20.4,21,92
2018-03-23,20.4,20.5,20.4,20.5,26
2018-03-26,20.5,20.5,20.4,20.9,40
2018-03-27,20.9,20.4,20.3,20.9,31
2018-03-28,20.5,20.2,20.2,20.5,51
2018-03-29,20.5,20.5,20.4,20.5,21
2018-04-02,20.5,20.4,20.4,21,29
2018-04-03,20.5,20.5,20.3,20.6,36
2018-04-04,20.6,20.5,20.5,21,55
2018-04-05,21,20.7,20.5,21,31
2018-04-06,20.9,20.9,20.6,21,29
2018-04-09,21,20.8,20.8,21,21
2018-04-10,20.8,20.1,20,20.9,110
2018-04-11,20.2,20,20,20.9,57
2018-04-12,20.3,20,20,20.9,46
2018-04-16,20.8,20.1,20,20.8,87
2018-04-17,20.8,20,20,20.8,105
2018-04-18,20.6,20.4,20.1,20.7,34
2018-04-19,20.4,20,19.9,20.4,177
2018-04-20,20.3,20,20,20.3,54
2018-04-23,20,19.8,19.7,20.2,146
2018-04-24,20,19.6,19.5,20,111
2018-04-25,19.9,19.4,19.3,19.9,85
2018-04-26,19.9,19.7,19.5,19.9,23
2018-04-27,20,19.6,19.5,20,65
2018-05-01,19.9,19.9,19.8,19.9,28
2018-05-02,19.7,19.5,19.5,19.8,85
2018-05-03,19.5,19.5,19.5,19.7,47
2018-05-04,19.5,19.1,19,19.5,140
2018-05-08,19,19.1,19,19.5,53
2018-05-09,19.4,19,19,19.4,80
2018-05-10,19.1,18.9,18.9,19.1,40
2018-05-11,19,18.9,18.9,19,32
2018-05-14,18.9,18.9,18.8,18.9,72
2018-05-15,19,18.9,18.8,19,30
2018-05-16,18.9,19.2,18.9,19.2,36
2018-05-17,19,19.1,19,19.2,20
2018-05-18,19.1,19,19,19.2,67
2018-05-21,19.2,19.1,19,19.2,29
2018-05-22,19,18.9,18.8,19,92
2018-05-23,19,18.9,18.8,19,33
2018-05-24,19,18.8,18.7,19,54
2018-05-25,18.8,18.7,18.7,18.9,47
2018-05-28,18.7,18.6,18.5,18.7,46
2018-05-30,18.6,18.4,18.4,19,79
2018-05-31,18.5,18.3,18.2,18.8,80
2018-06-01,18.3,18.3,18.2,18.4,54
2018-06-04,18.5,18.3,18.2,18.5,21
2018-06-05,18.5,18.4,18.4,18.5,17
2018-06-06,18.4,18.3,18.2,18.4,46
2018-06-07,18.2,17.5,17.3,18.2,192
2018-06-08,17.5,16.8,16.7,17.5,281
2018-06-11,16.8,16.7,16.7,16.9,68
2018-06-12,16.8,16.4,16.4,16.8,142
2018-06-13,16.5,16.3,16.2,16.5,90
2018-06-14,16.3,16.1,16,16.3,122
2018-06-18,16.2,16.1,15.9,16.2,76
2018-06-19,16.2,16,16,16.2,42
2018-06-20,16,15.8,15.7,16,88
2018-06-21,15.8,15.6,15.6,15.8,66
2018-06-22,15.7,15.8,15.7,16,31
2018-06-25,16,15.9,15.8,16.1,128
2018-06-26,15.9,15.6,15.5,16,106
2018-06-28,16,15.8,15.8,16,28
2018-06-29,15.9,15.9,15.9,15.9,14
2018-07-02,16,15.7,15.7,16,18
2018-07-03,15.7,15.5,15.5,16,67
2018-07-04,16,15.5,15.4,16.1,48
2018-07-05,15.5,15.9,15.5,16,30
2018-07-06,16,16,16,16.3,56
2018-07-09,16,16,16,16.4,25
2018-07-10,16,16,15.9,16,60
2018-07-11,16.4,16.4,16,16.5,86
2018-07-12,16.5,16.6,16.5,16.9,51
2018-07-13,16.8,16.5,16.5,16.8,26
2018-07-16,16.5,16.6,16.4,16.7,33
2018-07-17,16.7,17,16.6,17,91
2018-07-18,17,16.9,16.9,17.2,70
2018-07-19,17,17.5,17,17.6,117
2018-07-20,17.5,17.7,17.5,17.9,113
2018-07-23,17.8,17.5,17.3,17.8,80
2018-07-24,17.5,17.4,17,17.7,66
2018-07-25,17.5,17.2,17.1,17.5,13
2018-07-26,17.2,16.8,16.8,17.2,77
2018-07-30,16.9,16.8,16.7,16.9,29
2018-07-31,17,16.8,16.7,17,16
2018-08-01,16.8,16.5,16.5,16.8,34
2018-08-02,17,16.7,16.7,17,8
2018-08-03,16.7,16.8,16.5,16.9,16
2018-08-06,16.9,16.5,16.4,16.9,29
2018-08-07,16.5,16.4,16.3,16.5,26
2018-08-08,16.3,16,16,16.3,61
2018-08-09,16.3,16.3,16.1,16.4,21
2018-08-10,16,16,15.9,16.4,63
2018-08-13,16.3,15.8,15.8,16.3,53
2018-08-14,15.8,15.6,15.5,15.8,67
2018-08-15,15.7,15.2,15.2,15.7,97
2018-08-16,15.5,15.3,15.2,15.5,52
2018-08-17,15.5,15.5,15.5,15.9,9
2018-08-20,15.8,15.5,15.3,15.8,38
2018-08-21,15.3,15.3,15.3,15.6,28
2018-08-23,15.3,15.3,15.3,15.5,42
2018-08-24,15.3,15.3,15.2,15.3,36
2018-08-27,15.5,15.1,15.1,15.5,63
2018-08-28,15.2,15.1,15,15.2,19
2018-08-29,15.2,15.1,15,15.2,89
2018-08-30,15.3,15.1,15,15.3,101
2018-08-31,15.1,15,15,15.4,78
2018-09-03,15.4,15.2,15.2,15.4,15
2018-09-04,15.4,15.2,15.1,15.5,64
2018-09-05,15.4,15,15,15.4,91
2018-09-06,15.4,15,15,15.5,119
2018-09-07,15.1,15,14.9,15.4,92
2018-09-10,15,15,15,15.4,29
2018-09-11,15.3,15.1,15.1,15.4,13
2018-09-12,15.4,14.9,14.9,15.4,112
2018-09-13,14.9,15,14.8,15,59
2018-09-14,15,15,14.9,15,24
2018-09-17,15.2,14.9,14.8,15.3,29
2018-09-18,14.9,14.6,14.6,14.9,75
2018-09-19,14.9,14.6,14.6,14.9,40
2018-09-20,14.5,14.4,14.2,14.7,62
2018-09-21,14.3,14,13.9,14.3,119
2018-09-25,14.1,13.6,13.5,14.2,90
2018-09-26,14,14,13.8,14,31
2018-09-27,13.9,13.8,13.5,13.9,88
2018-09-28,13.7,13.9,13.7,14,47
2018-10-01,13.8,13.8,13.7,14,35
2018-10-02,14,14,13.8,14,38
2018-10-03,14.1,14.1,14,14.2,33
2018-10-04,14.1,14.1,14,14.3,25
2018-10-05,14.5,14.5,14.2,14.7,67
2018-10-08,14.6,14.6,14.3,14.7,34
2018-10-09,14.5,14.5,14.4,14.6,10
2018-10-10,14.5,14.5,14.5,14.6,21
2018-10-11,14.3,14.3,14.3,14.5,35
2018-10-12,14.5,14.5,14.2,14.5,30
2018-10-15,14,14,13.7,14.5,50
2018-10-16,13.9,13.9,13.8,14.2,46
2018-10-17,13.9,13.9,13.9,14,69
2018-10-18,14,14,13.9,14,51
2018-10-19,14,14,13.9,14.1,25
2018-10-22,13.9,13.9,13.9,14.4,19
2018-10-23,13.6,13.6,13.5,13.9,122
2018-10-25,13.8,13.8,13.6,14.3,38
2018-10-26,13.8,13.8,13.8,14.2,30
2018-10-29,15.8,15.8,15.5,16.5,740
2018-10-30,15.8,15.8,15.6,16.1,457
2018-10-31,15.6,15.6,15,15.9,305
2018-11-01,17.5,17.5,15.5,17.6,998
2018-11-02,17.1,17.1,16.7,19,1492
2018-11-05,17.2,17.2,17,17.8,680
2018-11-07,16.2,16.2,16.1,17,384
2018-11-08,16.2,16.2,16,16.7,192
2018-11-09,17,17,16.1,17,743
2018-11-12,16.9,16.9,16.5,17.5,554
2018-11-13,17.4,17.4,16.7,17.5,513
2018-11-14,15.8,15.8,15.5,16.6,685
2018-11-15,16.4,16.4,15.8,16.4,221
2018-11-16,16.1,16.1,15.9,16.5,146
2018-11-19,16,16,15.9,16.2,178
2018-11-21,16.1,16.1,16,16.2,47
2018-11-23,15.8,15.8,15.6,16.2,172
2018-11-26,15.8,15.8,15.7,15.9,132
2018-11-27,16,16,15.6,16.2,111
2018-11-28,16.1,16.1,16,16.2,44
2018-11-29,15.9,15.9,15.8,16.1,78
2018-11-30,16,16,15.8,16.2,183
2018-12-03,16,16,15.9,16.2,130
2018-12-04,15.8,15.8,15.7,16,137
2018-12-05,15.9,15.9,15.8,15.9,68
2018-12-06,16,16,15.8,16.2,208
2018-12-07,16,16,15.9,16.2,193
2018-12-10,15.8,15.8,15.8,16,112
2018-12-11,15.6,15.6,15.5,15.8,141
2018-12-12,15.5,15.5,15.4,15.7,97
2018-12-13,15.5,15.5,15.5,15.8,122
2018-12-14,15.1,15.1,15,15.4,323
2018-12-17,14.3,14.3,14.1,15.1,282
2018-12-18,14.1,14.1,14,14.5,143
2018-12-19,14.6,14.6,14.1,14.8,76
2018-12-20,14.3,14.3,14.3,14.9,115
2018-12-21,14.3,14.3,14.3,14.7,59
2018-12-24,14.3,14.3,14.3,14.7,48
2018-12-26,14.2,14.2,14.2,14.4,47
2018-12-27,14.3,14.3,14.2,14.4,64
2018-12-28,14.1,14.1,14.1,14.3,147
2018-12-31,14.1,14.1,14.1,14.2,100
2019-01-02,14,14,14,14.4,219
2019-01-03,14,14,14,14.2,53
2019-01-04,14,14,13.9,14.2,78
2019-01-07,14,14,13.9,14.2,63
2019-01-08,13.9,13.9,13.8,14.2,70
2019-01-09,13.8,13.8,13.8,13.9,62
2019-01-10,13.8,13.8,13.7,14,47
2019-01-11,13.7,13.7,13.7,13.9,35
2019-01-14,13.9,13.9,13.7,13.9,36
2019-01-16,13.7,13.7,13.7,14.2,142
2019-01-17,13.8,13.8,13.7,14,93
2019-01-18,13.9,13.9,13.8,14.3,92
2019-01-21,13.9,13.9,13.8,14,44
2019-01-22,13.9,13.9,13.8,14,38
2019-01-23,13.8,13.8,13.8,14,65
2019-01-24,13.9,13.9,13.8,14,35
2019-01-25,13.6,13.6,13.6,13.9,195
2019-01-28,13.7,13.7,13.6,13.8,54
2019-01-29,13.7,13.7,13.7,13.9,46
2019-01-30,13.8,13.8,13.7,13.8,57
2019-01-31,13.8,13.8,13.7,14,45
2019-02-01,13.8,13.8,13.7,13.9,65
2019-02-05,13.8,13.8,13.7,13.9,64
2019-02-06,13.7,13.7,13.7,13.9,55
2019-02-07,13.8,13.8,13.7,14,39
2019-02-08,14.1,14.1,13.9,14.3,306
2019-02-11,14,14,14,14.3,78
2019-02-12,14,14,13.7,14.1,185
2019-02-13,13.9,13.9,13.8,14.1,52
2019-02-14,13.9,13.9,13.9,14,42
2019-02-15,13.9,13.9,13.8,14,55
2019-02-18,13.9,13.9,13.8,14,43
2019-02-20,13.8,13.8,13.7,13.9,73
2019-02-21,13.7,13.7,13.6,13.9,107
2019-02-22,13.7,13.7,13.5,13.8,98
2019-02-25,13.7,13.7,13.6,13.9,38
2019-02-26,14,14,13.8,14,60
2019-02-27,13.7,13.7,13.7,14,65
2019-02-28,13.8,13.8,13.7,14,50
2019-03-01,13.7,13.7,13.7,13.9,56
2019-03-05,13.8,13.8,13.7,13.8,36
2019-03-06,13.8,13.8,13.7,14,80
2019-03-07,13.6,13.6,13.5,13.9,72
2019-03-08,13.5,13.5,13.4,13.8,73
2019-03-11,13.4,13.4,13.4,13.6,97
2019-03-12,13.4,13.4,13.4,13.5,41
2019-03-13,13.4,13.4,13.2,13.7,153
2019-03-14,13.4,13.4,13.2,13.4,37
2019-03-15,13.4,13.4,13.4,13.7,9
2019-03-18,13.3,13.3,13.3,13.5,30
2019-03-19,13.4,13.2,13.2,13.4,114
2019-03-21,13.3,13.2,13.2,13.3,56
2019-03-22,13.2,13.2,13.2,13.3,58
2019-03-25,13.3,13.2,13.1,13.3,57
2019-03-26,13.1,13,12.9,13.2,123
2019-03-27,13,12.8,12.7,13.1,65
2019-03-28,12.8,13.1,12.8,13.3,45
2019-03-29,13.4,13,12.9,13.4,81
2019-04-01,13,13.2,13,13.4,23
2019-04-02,13.2,13,12.9,13.2,80
2019-04-03,13.2,13.3,13.1,13.4,33
2019-04-04,13.5,13.3,13,13.5,332
2019-04-05,13.1,13.3,13.1,13.3,30
2019-04-08,13.2,13.3,13.1,13.4,44
2019-04-09,13.4,13.1,13.1,13.4,43
2019-04-10,13.2,13.1,13.1,13.3,43
2019-04-11,13.2,13.3,13.2,13.4,102
2019-04-12,13.3,13.2,13.2,13.3,19
2019-04-16,13.3,13.3,13.2,13.3,56
2019-04-17,13.2,13.3,13.2,13.3,57
2019-04-18,13.3,13.3,13.2,13.3,47
2019-04-23,12.9,12.8,12.5,12.9,210
2019-04-24,13,12.8,12.7,13,115
2019-04-25,12.9,12.8,12.8,12.9,84
2019-04-26,12.8,12.9,12.7,12.9,101
2019-04-29,12.9,13,12.8,13,88
2019-04-30,13.1,12.9,12.8,13.1,72
2019-05-02,13,12.9,12.9,13,49
2019-05-03,12.9,12.8,12.8,12.9,62
2019-05-06,12.8,12.7,12.7,12.8,47
2019-05-07,12.7,12.6,12.6,12.8,92
2019-05-08,12.6,12.6,12.5,12.7,118
2019-05-09,12.6,12.5,12.5,12.7,47
2019-05-10,12.6,12.5,12.5,12.6,60
2019-05-13,12.6,12.5,12.5,12.6,58
2019-05-14,12.6,11.9,11.9,12.6,206
2019-05-15,12,12,11.9,12.1,46
2019-05-16,12,12,11.9,12.1,106
2019-05-17,12,12,11.9,12.1,69
2019-05-21,12.1,12,12,12.3,94
2019-05-22,12.4,12.2,12.2,12.4,48
2019-05-23,12.3,12.3,12.2,12.3,46
2019-05-24,12.3,12.2,12.2,12.4,50
2019-05-27,12.2,12.2,12.1,12.3,40
2019-05-28,12.2,12,12,12.2,66
2019-05-29,12.1,12.1,12.1,12.3,69
2019-05-30,12,12.1,12,12.2,101
2019-05-31,12.3,12.1,12.1,12.3,52
2019-06-03,12.2,12.2,12.1,12.2,38
2019-06-04,12.2,12.1,12.1,12.2,34
2019-06-06,12.2,12.2,12.1,12.2,64
2019-06-07,12.1,12.5,12.1,12.7,82
2019-06-10,12.6,12.5,12.4,12.6,51
2019-06-11,12.6,13,12.6,13.2,286
2019-06-12,13.2,13.7,13.2,13.8,312
2019-06-13,13.7,13.8,13.6,14,281
2019-06-14,13.8,14,13.8,14,230
2019-06-17,14,14,13.9,14.4,221
2019-06-18,14,13.8,13.8,14.1,129
2019-06-19,13.8,13.9,13.8,14,78
2019-06-20,14,13.8,13.8,14,64
2019-06-21,13.9,13.7,13.6,13.9,142
2019-06-24,13.7,13.7,13.6,13.8,48
2019-06-25,13.8,13.8,13.6,13.9,57
2019-06-26,13.7,13.9,13.7,14,66
2019-06-27,13.9,13.8,13.8,14,47
2019-06-28,13.9,14.2,13.8,14.3,130
2019-07-01,14.4,14.4,14.2,14.8,197
2019-07-02,14.5,14.4,14.4,14.5,87
2019-07-03,14.6,14.6,14.5,14.7,137
2019-07-04,14.6,15.2,14.6,15.3,400
2019-07-05,15,14.9,14.8,15.2,190
2019-07-08,15,15.2,15,15.4,217
2019-07-09,15.3,15.7,15.3,15.9,376
2019-07-10,15.8,16,15.7,16.1,393
2019-07-11,16,16,15.8,16.3,239
2019-07-12,15.8,16,15.7,16.1,246
2019-07-15,15.9,16.5,15.9,16.7,347
2019-07-17,16.7,16.8,16.6,17.3,748
2019-07-18,16.9,16.6,16.3,16.9,416
2019-07-19,16.7,16.6,16.5,16.7,180
2019-07-22,16.5,16.5,16.3,16.6,171
2019-07-23,16.5,16.7,16.4,16.8,195
2019-07-24,16.8,17,16.7,17.1,345
2019-07-25,17,17.4,17,17.5,422
2019-07-26,17.5,18.3,17.4,18.4,809
2019-07-29,18.4,19.5,18.4,19.6,1120
2019-07-30,19.6,18.9,18.4,19.8,891
2019-07-31,18.9,18.4,18.3,19.2,524
2019-08-01,18.5,18.3,18.1,19,346
2019-08-02,18.3,18.3,17.5,18.5,550
2019-08-05,18.5,18.5,18.3,18.7,248
2019-08-06,18.4,18.5,18.1,18.6,267
2019-08-07,18.5,19.1,18.3,19.2,504
2019-08-08,19.2,19.4,19.2,19.6,486
2019-08-09,19.6,21,19.6,21.1,1675
2019-08-13,22.1,20.9,20.7,22.7,1920
2019-08-15,20,19.8,19.6,20.3,982
2019-08-16,20,19.9,19.8,20.4,240
2019-08-19,20,19.5,18.9,20,451
2019-08-20,19.5,19.8,19.2,20.2,470
2019-08-21,20,19.6,19.5,20.2,375
2019-08-22,19.6,19.3,19.2,19.9,256
2019-08-23,19.3,19.5,18.9,19.8,449
2019-08-26,19.6,19.3,19.2,19.8,119
2019-08-27,19.5,19.5,19,19.6,187
2019-08-28,19.6,19.5,19.5,20,330
2019-08-29,19.5,19.5,19.4,19.7,119
2019-08-30,19.4,19.3,19.2,19.7,245
2019-09-02,19.3,19,19,19.4,396
2019-09-03,19,19,19,19.3,188
2019-09-04,19.3,18.6,18.5,19.3,312
2019-09-05,18.9,18.4,18,18.9,238
2019-09-06,18.1,17.7,17.5,18.1,509
2019-09-09,17.8,18.2,17.8,18.5,373
2019-09-10,18.3,18,17.9,18.4,193
2019-09-11,18.2,18,17.8,18.2,117
2019-09-12,17.9,17.9,17.8,18.1,192
2019-09-16,17.9,17.8,17.8,18.1,125
2019-09-17,17.8,17.7,17.7,18,124
2019-09-18,18,17.8,17.7,18,44
2019-09-19,18.4,18.5,18.4,19.2,542
2019-09-20,18.4,18.5,18.4,18.6,101
2019-09-23,18.5,18,18,18.6,219
2019-09-24,17.9,17.8,17.8,18.3,140
2019-09-25,17.9,17.9,17.9,18,140
2019-09-26,18,18.3,18,18.5,248
2019-09-27,18.4,18,17.9,18.5,262
2019-09-30,18,18,17.9,18.3,133
2019-10-01,18,18.1,17.9,18.2,129
2019-10-02,18.3,17.8,17.6,18.3,167
2019-10-03,18,18,17.8,18.2,182
2019-10-04,18,17.9,17.7,18,184
2019-10-07,18.4,19,18.3,19.3,743
2019-10-08,19.3,19.7,19.3,19.8,563
2019-10-09,19.8,21,19.8,21.1,1483
2019-10-10,21.2,20.6,20.3,21.6,1151
2019-10-11,20.6,21,20.3,21.1,698
2019-10-14,21.2,20.6,20.5,21.4,605
2019-10-15,20.5,20.1,19.7,20.7,750
2019-10-16,20.5,19.9,19.8,20.5,196
2019-10-17,19.9,20.2,19.9,20.3,162
2019-10-18,20.3,20.2,20,20.3,103
2019-10-21,20.3,20.3,20.1,20.4,210
2019-10-22,20.4,21,20.3,21.2,858
2019-10-23,21.2,21.2,20.9,21.4,365
2019-10-24,21.2,21.2,21.1,21.3,236
2019-10-25,21.2,21.1,21,21.3,229
2019-10-28,21.2,21,20.8,21.2,217
2019-10-29,21,21.2,21,21.2,221
2019-10-30,21.1,21.1,21,21.3,159
2019-10-31,21.2,22,21.2,22.4,1005
2019-11-01,22.5,22,21.7,22.5,814
2019-11-04,22,21.7,21.5,22,335
2019-11-05,21.7,21.8,21.7,21.9,250
2019-11-06,21.8,21.3,21,21.9,694
2019-11-07,21,21.1,20.9,21.5,381
2019-11-08,21,21.8,21,22,480
2019-11-13,22,22.3,21.9,22.8,1088
2019-11-14,22.5,21.9,21.5,22.5,796
2019-11-15,21.8,22,21.7,22.3,1216
2019-11-18,23.4,23.4,22.7,24,2287
2019-11-19,23.6,23,22.8,23.7,1254
2019-11-20,23.2,22.6,22.5,23.3,1061
2019-11-21,22.7,22.8,22.7,23.2,535
2019-11-22,22.9,22.5,22.1,22.9,478
2019-11-25,22.5,21.6,21.5,22.5,685
2019-11-26,21.6,21.6,21.5,21.9,252
2019-11-27,21.6,21.7,21.5,22.3,475
2019-11-28,23,23.1,22.8,23.8,1490
2019-11-29,23.1,22.5,22.4,23.2,434
2019-12-02,22.8,22.1,22,22.8,344
2019-12-03,22.5,21.9,21.7,22.5,475
2019-12-04,22,21.7,21.6,22,242
2019-12-05,21.8,21.3,21.1,21.8,536
2019-12-06,21.4,21.7,21.3,21.8,162
2019-12-09,21.7,21.4,21.2,21.9,172
2019-12-10,21.5,21.4,21.1,21.6,200
2019-12-12,21.5,21.7,21.5,21.8,126
2019-12-13,21.6,21.6,21.5,21.9,91
2019-12-16,21.7,21,21,21.7,281
2019-12-17,21.5,21.5,21.2,21.6,160
2019-12-18,21.5,21.9,21.5,21.9,318
2019-12-19,21.9,21.7,21.7,21.9,104
2019-12-20,21.7,21.7,21.6,21.9,111
2019-12-23,21.7,21.7,21.6,21.8,69
2019-12-24,21.9,21.9,21.6,22,118
2019-12-26,21.9,22,21.8,22.3,178
2019-12-27,22.3,22,21.9,22.3,113
2019-12-30,22.1,21.9,21.8,22.1,105
2019-12-31,21.9,21.8,21.5,21.9,218
2020-01-02,21.9,21.7,21.5,21.9,97
2020-01-03,21.6,21.6,21.5,21.8,100
2020-01-06,21.5,20.9,20.7,21.5,591
2020-01-07,20.9,20,19.8,20.9,453
2020-01-08,19.8,18.7,18.6,19.8,638
2020-01-09,19.1,19.6,19,20,427
2020-01-13,19.9,20.3,19.8,20.6,280
2020-01-14,20.5,20,19.9,20.6,201
2020-01-16,20,19.8,19.7,20.1,166
2020-01-17,19.8,19.7,19.6,20,126
2020-01-20,19.7,19.4,19.4,19.8,169
2020-01-21,19.5,19.5,19.4,19.7,201
2020-01-22,19.7,19.5,19.5,20.2,347
2020-01-23,19.5,19.7,19.4,20,266
2020-01-24,19.7,19.8,19.6,19.9,150
2020-01-27,20,19.8,19.5,20,165
2020-01-28,19.6,19.7,19.5,19.9,130
2020-01-29,19.7,20,19.7,20.1,180
2020-01-30,19.8,20,19.8,20.1,84
2020-01-31,19.9,20.6,19.9,20.8,400
2020-02-03,20.6,20.6,20.3,20.7,98
2020-02-05,20.7,20.9,20.7,21.1,241
2020-02-06,20.8,21.2,20.8,21.4,375
2020-02-07,21.2,20.9,20.8,21.2,177
2020-02-10,21,21,20.8,21.1,149
2020-02-11,21,20.5,20.4,21,183
2020-02-12,20.5,20.6,20.5,20.9,164
2020-02-13,20.7,20.7,20.6,20.9,160
2020-02-14,20.6,20.6,20.5,20.8,98
2020-02-17,20.5,20.5,20.2,20.6,141
2020-02-18,20.5,20.6,20.5,20.7,138
2020-02-19,20.6,21.1,20.6,21.2,286
2020-02-20,21,20.8,20.7,21,71
2020-02-24,20.7,20.5,20.5,20.9,134
2020-02-25,20.6,19.6,19.5,20.6,232
2020-02-26,19.6,18.7,18.6,19.6,349
2020-02-27,18.8,19,18.7,19.3,203
2020-02-28,19,18.3,18.2,19,379
2020-03-02,18.5,18.9,18.4,19.2,161
2020-03-03,19.3,18.8,18.8,19.4,160
2020-03-04,18.9,18.1,17.9,18.9,317
2020-03-05,18.1,17.7,17.4,18.2,287
2020-03-06,17.8,17.2,17,17.8,358
2020-03-10,16.5,15,14.5,16.5,774
2020-03-11,15.1,15.2,15.1,15.8,577
2020-03-12,15.1,15,14.6,15.1,366
2020-03-13,14.8,14.9,14,15.1,392
2020-03-20,14,13.2,12.3,14,323
2020-05-11,12,12,12,12,55
2020-05-12,11,12.1,10.6,12.9,362
2020-05-13,13,13.7,13,14.5,412
2020-05-14,14,15,13.8,15.5,437
2020-05-15,15,14.5,14.4,15,289
2020-05-18,15,14.9,14.4,15,340
2020-05-19,15,14.8,14.6,15.7,420
2020-05-20,15,14.5,14.3,15,340
2020-05-21,15,15,14.8,15.1,254
2020-05-22,15,14.8,14.6,15.1,148
2020-05-26,15,14.7,14.3,15,180
2020-05-27,14.7,15.3,14.7,15.4,288
2020-05-28,15.4,15.7,15.4,15.9,364
2020-05-29,15.9,15.7,15.4,16,242
2020-06-01,15.9,15.5,15.3,15.9,153
2020-06-02,15.6,15.3,15.2,15.6,130
2020-06-03,15.3,15.5,15.3,15.8,203
2020-06-04,15.6,15.7,15.4,15.8,67
2020-06-08,15.7,17.3,15.7,17.8,702
2020-06-09,17.7,17.5,17.4,18.3,588
2020-06-10,17.9,17.2,17,17.9,310
2020-06-11,17.5,17.3,17.2,17.8,142
2020-06-12,17,17.5,16.8,17.6,232
2020-06-15,17.5,17,16.9,17.5,218
2020-06-16,17.4,17.1,17.1,17.4,79
2020-06-17,17.5,17.6,17.4,18.1,338
2020-06-18,17.8,17.5,17.4,18,246
2020-06-19,17.7,17.6,17,17.7,237
2020-06-22,17.6,17.6,17.5,17.8,198
2020-06-23,17.6,17.5,17.5,17.9,232
2020-06-24,17.7,17.6,17.4,17.8,118
2020-06-25,17.6,18,17.5,18.4,330
2020-06-26,18.5,18.5,18.1,18.6,434
2020-06-29,18.6,18.7,18.5,18.9,299
2020-06-30,18.9,18.7,18.5,18.9,194
2020-07-01,18.8,19.2,18.7,19.4,450
2020-07-02,19.2,18.9,18.6,19.3,331
2020-07-03,19,18.4,18.3,19.1,384
2020-07-06,18.5,18.6,18,18.9,195
2020-07-07,18.7,18.4,18.2,18.8,205
2020-07-08,18.5,18.1,18,18.5,245
2020-07-09,18.3,18.3,18.2,18.4,123
2020-07-10,18.1,17.4,17.1,18.1,740
2020-07-13,16.8,16.7,15.6,17.3,549
2020-07-14,16.5,17.1,16.5,17.9,469
2020-07-15,17.4,17,16.5,17.4,318
2020-07-16,17.2,16.9,16.6,17.6,316
2020-07-17,17.5,17.8,17.3,18.1,399
2020-07-20,18.3,18.7,18.2,18.9,465
2020-07-21,18.8,18.7,18.5,19,331
2020-07-22,18.8,18.7,18.6,18.9,186
2020-07-23,18.7,18.7,18.7,18.8,141
2020-07-24,18.8,19,18.8,19.1,345
2020-07-27,19.2,19.7,19.2,19.9,549
2020-07-28,19.9,19.7,19.5,19.9,261
2020-07-29,19.7,19.6,19.4,19.7,247
2020-07-30,19.5,19.5,19.3,19.6,217
2020-07-31,19.5,19.6,19.5,19.8,236
2020-08-04,19.8,20.9,19.8,21.2,1150
2020-08-05,21.5,21.3,20.9,21.8,853
2020-08-06,21.5,21.7,21.2,21.9,720
2020-08-07,22.5,21.4,21.1,22.6,1643
2020-08-10,21.5,20.7,20.5,21.5,704
2020-08-11,20.6,21.4,20.5,21.5,462
2020-08-12,21.5,20.9,20.8,21.5,426
2020-08-13,21.3,20.7,20.6,21.3,494
2020-08-14,20.7,20.6,20.5,21,381
2020-08-17,20.6,20.4,20.1,20.6,323
2020-08-18,20.3,20.5,20.3,20.6,313
2020-08-19,20.5,22.1,20.3,22.8,1337
2020-08-20,23,22.2,22.1,23,1112
2020-08-21,21.9,22,21.6,22.5,737
2020-08-24,22,21.7,21.7,22.1,432
2020-08-25,21.9,21.7,21.5,21.9,192
2020-08-26,21.7,22.1,21.5,22.4,468
2020-08-27,22.2,22.1,21.9,22.3,410
2020-08-28,22.3,22.6,22.3,22.8,748
2020-08-31,22.7,22.7,22.5,22.9,422
2020-09-02,22.8,22.7,22.5,23,292
2020-09-03,22.6,22.7,22.5,22.9,192
2020-09-04,22.7,22.6,22.2,22.8,276
2020-09-07,22.5,22.1,22,22.5,343
2020-09-08,22.1,22.1,22,22.3,220
2020-09-09,22.2,22.2,22,22.4,290
2020-09-10,22.3,22.7,22.3,22.9,375
2020-09-11,23,23.3,22.8,23.5,714
2020-09-14,23.5,23.8,23.5,24.1,655
2020-09-15,24,23.6,23.4,24,413
2020-09-16,23.7,23.9,23.2,24.2,599
2020-09-17,24.2,24.3,24.1,24.7,631
2020-09-18,24.4,24.1,24,24.5,403
2020-09-21,24.4,23.9,23.7,24.4,306
2020-09-22,24,23.5,23.5,24.1,244
2020-09-23,24.3,24.6,24.1,25,1247
2020-09-24,24.7,24.4,24.2,24.8,332
2020-09-25,24.4,24,23.9,24.4,311
2020-09-28,24,23.9,23.9,24.1,232
2020-09-29,23.8,23.7,23.4,23.9,311
2020-09-30,23.7,23.6,23.3,23.8,289
2020-10-02,23.6,23.9,23.4,24.4,424
2020-10-05,23,21.3,20.9,23,1030
2020-10-06,20.5,21,19.5,22.5,884
2020-10-07,21.1,21,21,21.9,352
2020-10-08,21.6,22,21.6,22.3,349
2020-10-09,22.3,22.7,22.3,22.9,442
2020-10-12,22.8,22.9,22.7,23.5,387
2020-10-13,23,22.9,22.6,23.5,344
2020-10-14,22.9,23.8,22.6,24.2,577
2020-10-15,24.2,24,23.8,24.3,410
2020-10-16,24.1,24.2,23.8,24.3,427
2020-10-19,24.4,24.1,23.9,24.6,377
2020-10-20,24,23.8,23.3,24,209
2020-10-21,23.8,22.2,22,23.8,623
2020-10-22,21.6,22.3,21,23,294
2020-10-23,23,22.4,22,23.5,248
2020-10-26,21.5,21.8,21.5,22.1,263
2020-10-27,21.9,22,21.9,22.2,134
2020-10-28,22.2,21.5,21.3,22.3,194
2020-10-29,21.5,22.4,21.5,22.6,144
2020-11-02,21.5,22,21.5,22.4,122
2020-11-03,21.9,22.4,21.9,22.7,158
2020-11-04,22.5,22.8,22.4,23,170
2020-11-05,23,23.5,22.9,24,374
2020-11-06,23.7,23.7,23.4,23.9,189
2020-11-09,23.7,24.6,23.3,24.8,732
2020-11-10,25,25,24.4,25.3,849
2020-11-11,25,25,24.6,25.1,368
2020-11-12,25.1,24.8,24.7,25.1,217
2020-11-13,25,24.6,24.6,25,282
2020-11-16,24.7,24.6,24.5,24.9,146
2020-11-17,24.7,25,24.5,25.1,288
2020-11-18,25.5,24.8,24.8,25.5,377
2020-11-19,24.9,24.3,24.1,24.9,293
2020-11-20,24.3,24.4,24.2,24.8,122
2020-11-23,24.5,24.3,24.2,24.8,118
2020-11-24,24.3,24.3,24.2,24.5,131
2020-11-25,24.3,24,23.9,24.3,360
2020-11-26,24.3,24.3,23.5,24.5,260
2020-11-27,24.5,24.1,24,24.6,134
2020-11-30,24.1,24,24,24.3,244
2020-12-01,24,24.3,24,24.5,118
2020-12-02,24.4,24.4,24.2,24.6,199
2020-12-03,24.6,25.1,24.4,25.3,552
2020-12-04,25.4,25.7,25.4,26,890
2020-12-07,25.6,25.4,25.3,25.7,282
2020-12-08,25.6,25.2,25,25.6,280
2020-12-09,25.3,25,24.9,25.5,270
2020-12-10,25,24.9,24.8,25.2,151
2020-12-11,24.8,25,24.7,25.2,176
2020-12-14,25,25.1,25,25.4,141
2020-12-15,25.1,24.9,24.8,25.1,147
2020-12-16,25,24.7,24.7,25,132
2020-12-17,24.8,24.8,24.6,25.1,234
2020-12-18,24.5,24.6,24.5,24.9,159
2020-12-21,24.6,24.7,24.6,25,146
2020-12-22,25,24.9,24.5,25.1,246
2020-12-23,25,25,24.9,25.2,231
2020-12-24,25,24.7,24.6,25.2,255
2020-12-28,25,24.9,24.8,25,128
2020-12-30,25,24.8,24.8,25.1,196
2020-12-31,25,24.6,24.5,25.1,337
2021-01-04,24.7,24.9,24.6,25,330
2021-01-05,25,24.9,24.8,25.1,338
2021-01-06,25,24.8,24.7,25,314
2021-01-07,24.9,24.7,24.5,24.9,275
2021-01-08,24.7,24.6,24.5,24.7,214
2021-01-11,24.6,24.4,24.4,24.7,440
2021-01-12,24.4,24.3,24.1,24.5,431
2021-01-13,24.3,24.1,23.9,24.5,789
2021-01-15,24.2,25,24.1,25.8,708
2021-01-18,25.3,29.9,25,30,3798